timestamp,service,region,latency_ms,error_rate,throughput_rpm,cpu_pct,memory_pct,queue_depth,saturation_score,anomaly_label
2026-04-01T00:00:00,checkout-api,us-east-1,102.85,0.011,861.11,39.48,51.49,16.29,0.1914,normal
2026-04-01T00:00:00,checkout-api,us-west-2,114.34,0.0107,933.1,43.99,60.76,19.48,0.2131,normal
2026-04-01T00:00:00,checkout-api,eu-central-1,91.01,0.0124,902.86,45.99,46.16,4.05,0.1916,normal
2026-04-01T00:00:00,billing-worker,us-east-1,134.68,0.0071,394.1,41.63,61.65,12.86,0.1849,normal
2026-04-01T00:00:00,billing-worker,us-west-2,148.58,0.0106,369.74,55.74,61.9,27.58,0.2705,normal
2026-04-01T00:00:00,billing-worker,eu-central-1,137.8,0.006,377.73,41.15,62.42,19.99,0.1958,normal
2026-04-01T00:00:00,auth-service,us-east-1,72.32,0.0052,1110.96,51.77,52.34,19.96,0.2313,normal
2026-04-01T00:00:00,auth-service,us-west-2,77.56,0.003,1153.64,52.45,43.9,15.43,0.2206,normal
2026-04-01T00:00:00,auth-service,eu-central-1,74.36,0.0057,1187.3,41.5,47.75,24.62,0.2059,normal
2026-04-01T00:00:00,search-api,us-east-1,100.09,0.0128,785.02,44.9,58.83,7.61,0.1957,normal
2026-04-01T00:00:00,search-api,us-west-2,99.68,0.0066,696.41,31.88,51.23,13.75,0.1515,normal
2026-04-01T00:00:00,search-api,eu-central-1,104.8,0.001,649.38,43.91,68.1,22.63,0.2018,normal
2026-04-01T00:00:00,notification-service,us-east-1,72.08,0.001,338.92,36.11,50.16,25.82,0.181,normal
2026-04-01T00:00:00,notification-service,us-west-2,92.49,0.0096,336.51,45.47,69.16,22.95,0.2234,normal
2026-04-01T00:00:00,notification-service,eu-central-1,88.53,0.0112,297.32,52.25,64.69,22.24,0.2485,normal
2026-04-01T00:00:00,analytics-pipeline,us-east-1,151.58,0.0065,184.4,27.51,56.71,26.16,0.1614,normal
2026-04-01T00:00:00,analytics-pipeline,us-west-2,161.12,0.0154,181.09,40.8,60.27,23.2,0.218,normal
2026-04-01T00:00:00,analytics-pipeline,eu-central-1,181.73,0.0136,167.26,38.68,65.29,18.21,0.1971,normal
2026-04-01T01:00:00,checkout-api,us-east-1,97.6,0.0128,957.53,38.44,48.34,16.92,0.1922,normal
2026-04-01T01:00:00,checkout-api,us-west-2,103.75,0.0078,954.07,33.78,66.82,7.85,0.1484,normal
2026-04-01T01:00:00,checkout-api,eu-central-1,98.39,0.0115,938.34,48.87,60.42,19.14,0.2309,normal
2026-04-01T01:00:00,billing-worker,us-east-1,146.77,0.0113,381.96,44.22,62.01,18.01,0.2119,normal
2026-04-01T01:00:00,billing-worker,us-west-2,153.86,0.0113,437.07,44.6,55.01,15.02,0.2071,normal
2026-04-01T01:00:00,billing-worker,eu-central-1,144.85,0.0127,377.92,45.09,70.86,0,0.1807,normal
2026-04-01T01:00:00,auth-service,us-east-1,68.26,0.01,1179.88,43.91,54.98,23.24,0.2192,normal
2026-04-01T01:00:00,auth-service,us-west-2,76.69,0.0069,1332.25,44.84,54.12,17.2,0.2046,normal
2026-04-01T01:00:00,auth-service,eu-central-1,73.65,0.0087,945.39,38.1,65.06,8.65,0.1668,normal
2026-04-01T01:00:00,search-api,us-east-1,94.49,0.0128,757.67,53.93,46.09,15.17,0.2429,normal
2026-04-01T01:00:00,search-api,us-west-2,92.41,0.0115,768.7,20.54,65.62,6.42,0.1057,normal
2026-04-01T01:00:00,search-api,eu-central-1,100.19,0.003,725.83,51.56,56.95,19.53,0.2259,normal
2026-04-01T01:00:00,notification-service,us-east-1,90.42,0.0096,329.29,54.27,65.34,15.65,0.2392,normal
2026-04-01T01:00:00,notification-service,us-west-2,103.67,0.0044,350.96,39.87,58.93,23.64,0.1959,normal
2026-04-01T01:00:00,notification-service,eu-central-1,86.51,0.0116,298.21,29.92,62.3,10.29,0.1466,normal
2026-04-01T01:00:00,analytics-pipeline,us-east-1,165.22,0.0031,189.24,47.97,68.31,10.5,0.195,normal
2026-04-01T01:00:00,analytics-pipeline,us-west-2,180.01,0.0044,183.53,54.72,51.77,30.48,0.2618,normal
2026-04-01T01:00:00,analytics-pipeline,eu-central-1,194.23,0.0083,152.32,53.25,57.33,13.18,0.2283,normal
2026-04-01T02:00:00,checkout-api,us-east-1,108.36,0.0106,959.39,33.84,65.95,29.9,0.1987,normal
2026-04-01T02:00:00,checkout-api,us-west-2,117.2,0.0083,831.59,50.15,58.81,18.99,0.2293,normal
2026-04-01T02:00:00,checkout-api,eu-central-1,116.96,0.0079,743.09,38.9,45.02,24.55,0.2007,normal
2026-04-01T02:00:00,billing-worker,us-east-1,148.68,0.0066,386.16,48.66,58.55,28.61,0.2406,normal
2026-04-01T02:00:00,billing-worker,us-west-2,144.29,0.0132,423.99,54.88,53.3,25.04,0.267,normal
2026-04-01T02:00:00,billing-worker,eu-central-1,123.24,0.0047,336.94,50.55,49.38,17.9,0.2219,normal
2026-04-01T02:00:00,auth-service,us-east-1,73.85,0.0089,1105.64,43.87,70.54,18.35,0.2071,normal
2026-04-01T02:00:00,auth-service,us-west-2,78.19,0.013,1135.15,31.92,54.11,26.59,0.1895,normal
2026-04-01T02:00:00,auth-service,eu-central-1,65.12,0.0066,1225.56,48.34,58.05,24.44,0.2311,normal
2026-04-01T02:00:00,search-api,us-east-1,96.26,0.0043,644.41,36.89,64.46,13.48,0.1644,normal
2026-04-01T02:00:00,search-api,us-west-2,88.14,0.0059,645.91,41.06,49.74,20.91,0.1971,normal
2026-04-01T02:00:00,search-api,eu-central-1,77.06,0.0103,687.57,26.46,63.07,15.8,0.1435,normal
2026-04-01T02:00:00,notification-service,us-east-1,69.84,0.0055,337.49,38.33,63.46,23.98,0.1931,normal
2026-04-01T02:00:00,notification-service,us-west-2,89.53,0.0103,360.01,47.28,61.16,1.33,0.1867,normal
2026-04-01T02:00:00,notification-service,eu-central-1,91.1,0.0142,324.79,38.24,71.58,3.93,0.1675,normal
2026-04-01T02:00:00,analytics-pipeline,us-east-1,186.75,0.0187,164.23,47.52,71.2,17.04,0.2348,normal
2026-04-01T02:00:00,analytics-pipeline,us-west-2,188.08,0.0126,164.47,41.29,60.05,24.6,0.2175,normal
2026-04-01T02:00:00,analytics-pipeline,eu-central-1,179.5,0.0082,163.22,39.13,64.24,18.81,0.1902,normal
2026-04-01T03:00:00,checkout-api,us-east-1,97.83,0.0056,1026.0,51.12,62.46,0,0.1891,normal
2026-04-01T03:00:00,checkout-api,us-west-2,110.22,0.0109,969.99,45.42,57.53,22.18,0.224,normal
2026-04-01T03:00:00,checkout-api,eu-central-1,88.67,0.0131,892.52,36.38,67.28,32.47,0.2174,normal
2026-04-01T03:00:00,billing-worker,us-east-1,128.73,0.0063,393.74,43.47,55.21,10.21,0.1844,normal
2026-04-01T03:00:00,billing-worker,us-west-2,169.6,0.0131,356.31,31.24,69.92,25.91,0.186,normal
2026-04-01T03:00:00,billing-worker,eu-central-1,166.12,0.0122,364.42,44.09,42.88,12.02,0.2009,normal
2026-04-01T03:00:00,auth-service,us-east-1,74.65,0.0111,1095.43,41.01,61.21,21.01,0.2065,normal
2026-04-01T03:00:00,auth-service,us-west-2,78.83,0.0098,1125.7,48.31,58.35,11.39,0.2101,normal
2026-04-01T03:00:00,auth-service,eu-central-1,71.24,0.009,1141.78,43.26,58.0,19.41,0.2073,normal
2026-04-01T03:00:00,search-api,us-east-1,93.98,0.004,737.32,50.43,61.04,16.49,0.2174,normal
2026-04-01T03:00:00,search-api,us-west-2,98.39,0.0051,628.86,42.48,51.49,23.92,0.2068,normal
2026-04-01T03:00:00,search-api,eu-central-1,86.76,0.001,668.95,54.62,55.33,7.04,0.2074,normal
2026-04-01T03:00:00,notification-service,us-east-1,79.81,0.0111,341.93,43.41,68.39,23.65,0.2203,normal
2026-04-01T03:00:00,notification-service,us-west-2,84.86,0.0114,366.94,49.77,65.17,9.34,0.2138,normal
2026-04-01T03:00:00,notification-service,eu-central-1,83.99,0.0119,324.8,50.55,62.17,25.27,0.2501,normal
2026-04-01T03:00:00,analytics-pipeline,us-east-1,176.94,0.0192,188.94,40.28,58.63,38.76,0.2548,normal
2026-04-01T03:00:00,analytics-pipeline,us-west-2,175.06,0.0125,185.98,42.05,49.83,19.5,0.2096,normal
2026-04-01T03:00:00,analytics-pipeline,eu-central-1,185.18,0.0135,183.72,42.19,63.98,22.32,0.2177,normal
2026-04-01T04:00:00,checkout-api,us-east-1,106.73,0.0092,860.13,47.49,50.62,12.97,0.2093,normal
2026-04-01T04:00:00,checkout-api,us-west-2,105.04,0.0031,849.15,25.93,53.22,22.55,0.1425,normal
2026-04-01T04:00:00,checkout-api,eu-central-1,109.76,0.0088,860.77,30.67,70.79,22.13,0.1684,normal
2026-04-01T04:00:00,billing-worker,us-east-1,157.68,0.0055,381.73,27.44,63.46,25.48,0.158,normal
2026-04-01T04:00:00,billing-worker,us-west-2,122.99,0.0088,402.28,27.9,45.22,9.48,0.1329,normal
2026-04-01T04:00:00,billing-worker,eu-central-1,137.7,0.0034,387.2,44.0,62.44,23.62,0.2084,normal
2026-04-01T04:00:00,auth-service,us-east-1,84.02,0.0137,1051.61,37.96,50.58,9.39,0.1766,normal
2026-04-01T04:00:00,auth-service,us-west-2,74.51,0.009,1186.78,29.3,49.34,17.82,0.1552,normal
2026-04-01T04:00:00,auth-service,eu-central-1,73.8,0.0078,1145.26,35.92,62.91,20.83,0.1823,normal
2026-04-01T04:00:00,search-api,us-east-1,94.33,0.0063,709.45,20.23,51.13,18.3,0.1196,normal
2026-04-01T04:00:00,search-api,us-west-2,83.57,0.0098,724.5,30.98,56.25,15.49,0.1577,normal
2026-04-01T04:00:00,search-api,eu-central-1,98.5,0.0114,715.9,35.19,56.99,17.48,0.1795,normal
2026-04-01T04:00:00,notification-service,us-east-1,89.99,0.0102,315.59,31.16,55.39,12.08,0.1521,normal
2026-04-01T04:00:00,notification-service,us-west-2,77.44,0.0085,320.59,42.84,61.66,14.7,0.1954,normal
2026-04-01T04:00:00,notification-service,eu-central-1,100.81,0.0077,355.0,42.97,65.81,0,0.1643,normal
2026-04-01T04:00:00,analytics-pipeline,us-east-1,169.18,0.01,181.67,60.69,60.26,28.24,0.2882,normal
2026-04-01T04:00:00,analytics-pipeline,us-west-2,191.04,0.0128,180.61,40.75,61.56,9.37,0.1848,normal
2026-04-01T04:00:00,analytics-pipeline,eu-central-1,197.01,0.0049,177.64,58.97,56.44,18.16,0.2524,normal
2026-04-01T05:00:00,checkout-api,us-east-1,114.77,0.0091,827.96,44.07,62.07,23.68,0.2191,normal
2026-04-01T05:00:00,checkout-api,us-west-2,98.51,0.016,969.01,42.15,59.88,14.57,0.2061,normal
2026-04-01T05:00:00,checkout-api,eu-central-1,116.88,0.0062,912.42,38.16,53.14,23.75,0.1933,normal
2026-04-01T05:00:00,billing-worker,us-east-1,160.47,0.009,369.33,48.49,57.65,20.49,0.2277,normal
2026-04-01T05:00:00,billing-worker,us-west-2,162.67,0.0135,373.3,60.27,58.02,24.29,0.285,normal
2026-04-01T05:00:00,billing-worker,eu-central-1,137.49,0.0088,342.3,56.29,67.56,8.28,0.2298,normal
2026-04-01T05:00:00,auth-service,us-east-1,65.97,0.0025,1238.18,38.32,57.58,15.5,0.1704,normal
2026-04-01T05:00:00,auth-service,us-west-2,74.27,0.0046,1151.81,30.5,57.5,20.47,0.157,normal
2026-04-01T05:00:00,auth-service,eu-central-1,77.81,0.0081,1082.22,43.28,54.61,30.53,0.2284,normal
2026-04-01T05:00:00,search-api,us-east-1,100.83,0.0085,695.55,36.38,51.44,15.18,0.1737,normal
2026-04-01T05:00:00,search-api,us-west-2,97.24,0.0111,744.22,58.79,53.07,18.1,0.2627,normal
2026-04-01T05:00:00,search-api,eu-central-1,116.24,0.0015,693.19,43.36,59.08,21.26,0.198,normal
2026-04-01T05:00:00,notification-service,us-east-1,83.38,0.0105,332.34,48.17,44.75,10.92,0.2098,normal
2026-04-01T05:00:00,notification-service,us-west-2,84.98,0.0049,308.64,47.02,53.45,23.08,0.2206,normal
2026-04-01T05:00:00,notification-service,eu-central-1,90.07,0.0102,342.17,41.16,48.14,17.76,0.1988,normal
2026-04-01T05:00:00,analytics-pipeline,us-east-1,186.54,0.0069,173.67,47.99,51.85,23.12,0.2277,normal
2026-04-01T05:00:00,analytics-pipeline,us-west-2,206.82,0.0068,176.47,40.8,68.78,20.53,0.197,normal
2026-04-01T05:00:00,analytics-pipeline,eu-central-1,192.93,0.0062,174.62,41.92,45.57,29.53,0.2184,normal
2026-04-01T06:00:00,checkout-api,us-east-1,112.56,0.002,916.43,40.95,61.14,20.93,0.1897,normal
2026-04-01T06:00:00,checkout-api,us-west-2,92.41,0.0082,959.08,37.4,50.84,7.12,0.1601,normal
2026-04-01T06:00:00,checkout-api,eu-central-1,94.74,0.0103,970.48,45.44,59.72,35.87,0.251,normal
2026-04-01T06:00:00,billing-worker,us-east-1,138.97,0.0063,399.72,46.39,50.9,8.64,0.1914,normal
2026-04-01T06:00:00,billing-worker,us-west-2,148.38,0.01,353.47,40.38,54.2,21.68,0.2037,normal
2026-04-01T06:00:00,billing-worker,eu-central-1,143.65,0.0087,377.49,50.43,67.74,15.06,0.2229,normal
2026-04-01T06:00:00,auth-service,us-east-1,80.08,0.006,1155.4,48.0,68.6,14.94,0.2093,normal
2026-04-01T06:00:00,auth-service,us-west-2,74.56,0.0098,1037.64,42.13,53.27,20.97,0.208,normal
2026-04-01T06:00:00,auth-service,eu-central-1,68.22,0.0011,1152.87,44.08,54.16,25.11,0.2076,normal
2026-04-01T06:00:00,search-api,us-east-1,92.92,0.0066,739.96,29.45,53.26,17.83,0.1514,normal
2026-04-01T06:00:00,search-api,us-west-2,101.45,0.0083,732.04,36.76,60.11,31.31,0.2077,normal
2026-04-01T06:00:00,search-api,eu-central-1,89.78,0.0185,687.47,42.14,59.21,26.19,0.2343,normal
2026-04-01T06:00:00,notification-service,us-east-1,76.59,0.001,344.29,48.36,62.37,39.04,0.2509,normal
2026-04-01T06:00:00,notification-service,us-west-2,86.39,0.01,351.27,44.95,69.65,8.09,0.1919,normal
2026-04-01T06:00:00,notification-service,eu-central-1,82.45,0.001,348.75,39.02,64.47,35.23,0.2104,normal
2026-04-01T06:00:00,analytics-pipeline,us-east-1,179.91,0.008,169.1,35.3,53.59,23.11,0.1852,normal
2026-04-01T06:00:00,analytics-pipeline,us-west-2,180.53,0.0093,172.82,49.31,61.46,16.87,0.2238,normal
2026-04-01T06:00:00,analytics-pipeline,eu-central-1,189.57,0.0084,161.66,53.64,61.26,10.34,0.224,normal
2026-04-01T07:00:00,checkout-api,us-east-1,114.06,0.0104,784.83,54.88,60.33,25.13,0.2622,normal
2026-04-01T07:00:00,checkout-api,us-west-2,106.66,0.0084,785.76,49.77,58.21,15.71,0.2215,normal
2026-04-01T07:00:00,checkout-api,eu-central-1,107.95,0.0093,912.51,39.03,57.74,0.89,0.1552,normal
2026-04-01T07:00:00,billing-worker,us-east-1,140.09,0.0117,420.09,39.09,57.15,30.67,0.2206,normal
2026-04-01T07:00:00,billing-worker,us-west-2,141.22,0.0119,428.69,42.32,66.59,12.32,0.1948,normal
2026-04-01T07:00:00,billing-worker,eu-central-1,147.41,0.0087,389.3,51.04,74.73,12.68,0.2202,normal
2026-04-01T07:00:00,auth-service,us-east-1,71.55,0.011,1070.86,45.98,62.0,15.78,0.213,normal
2026-04-01T07:00:00,auth-service,us-west-2,78.19,0.0028,1206.99,29.64,53.12,13.55,0.1365,normal
2026-04-01T07:00:00,auth-service,eu-central-1,72.59,0.0124,1156.12,38.82,61.8,30.65,0.2209,normal
2026-04-01T07:00:00,search-api,us-east-1,95.05,0.0105,775.62,44.14,49.01,37.92,0.2509,normal
2026-04-01T07:00:00,search-api,us-west-2,111.78,0.0011,715.77,45.34,64.76,23.35,0.2084,normal
2026-04-01T07:00:00,search-api,eu-central-1,92.93,0.0048,722.42,50.27,50.37,9.78,0.2046,normal
2026-04-01T07:00:00,notification-service,us-east-1,84.83,0.0013,325.58,38.51,61.16,12.39,0.1624,normal
2026-04-01T07:00:00,notification-service,us-west-2,79.0,0.0074,330.12,36.68,58.08,24.0,0.1908,normal
2026-04-01T07:00:00,notification-service,eu-central-1,93.06,0.0158,314.28,38.64,40.62,33.19,0.2316,normal
2026-04-01T07:00:00,analytics-pipeline,us-east-1,169.56,0.0089,180.76,31.13,61.25,17.79,0.1613,normal
2026-04-01T07:00:00,analytics-pipeline,us-west-2,153.71,0.0102,188.42,27.06,63.65,19.67,0.1532,normal
2026-04-01T07:00:00,analytics-pipeline,eu-central-1,186.84,0.0108,189.66,40.21,64.12,14.72,0.1902,normal
2026-04-01T08:00:00,checkout-api,us-east-1,111.11,0.0057,1152.82,55.85,61.12,16.73,0.24,normal
2026-04-01T08:00:00,checkout-api,us-west-2,95.38,0.0058,1170.04,49.52,60.98,22.19,0.2292,normal
2026-04-01T08:00:00,checkout-api,eu-central-1,104.65,0.0144,1136.72,37.6,64.22,18.51,0.1954,normal
2026-04-01T08:00:00,billing-worker,us-east-1,141.77,0.0067,505.93,46.99,60.48,8.32,0.1935,normal
2026-04-01T08:00:00,billing-worker,us-west-2,149.95,0.0097,487.2,48.18,56.04,15.32,0.2175,normal
2026-04-01T08:00:00,billing-worker,eu-central-1,154.23,0.0143,495.05,45.51,51.87,36.51,0.2597,normal
2026-04-01T08:00:00,auth-service,us-east-1,72.04,0.0138,1476.45,48.49,73.53,0,0.1945,normal
2026-04-01T08:00:00,auth-service,us-west-2,72.39,0.011,1518.04,36.65,73.07,18.64,0.1862,normal
2026-04-01T08:00:00,auth-service,eu-central-1,65.13,0.0124,1395.88,51.21,53.96,19.16,0.2408,normal
2026-04-01T08:00:00,search-api,us-east-1,104.58,0.0095,886.5,28.43,66.28,23.92,0.1655,normal
2026-04-01T08:00:00,search-api,us-west-2,88.8,0.0124,974.84,47.18,42.19,15.58,0.2194,normal
2026-04-01T08:00:00,search-api,eu-central-1,101.84,0.0119,992.85,22.34,59.18,21.94,0.1445,normal
2026-04-01T08:00:00,notification-service,us-east-1,102.35,0.0052,432.09,42.29,64.2,14.45,0.1869,normal
2026-04-01T08:00:00,notification-service,us-west-2,92.8,0.0058,444.96,37.78,59.11,12.47,0.1683,normal
2026-04-01T08:00:00,notification-service,eu-central-1,74.14,0.0134,445.75,37.53,59.41,25.92,0.2084,normal
2026-04-01T08:00:00,analytics-pipeline,us-east-1,165.92,0.0086,237.95,46.21,55.65,1.14,0.1795,normal
2026-04-01T08:00:00,analytics-pipeline,us-west-2,197.9,0.0103,231.95,39.77,59.84,14.6,0.1876,normal
2026-04-01T08:00:00,analytics-pipeline,eu-central-1,165.24,0.006,225.0,37.1,49.89,23.09,0.188,normal
2026-04-01T09:00:00,checkout-api,us-east-1,94.0,0.0116,1101.16,44.82,67.62,19.63,0.218,normal
2026-04-01T09:00:00,checkout-api,us-west-2,98.86,0.0092,1167.44,28.13,53.75,19.3,0.1545,normal
2026-04-01T09:00:00,checkout-api,eu-central-1,101.06,0.0093,1200.84,48.13,64.34,22.71,0.2317,normal
2026-04-01T09:00:00,billing-worker,us-east-1,141.66,0.0089,505.57,39.49,56.74,4.2,0.1629,normal
2026-04-01T09:00:00,billing-worker,us-west-2,141.14,0.0089,487.86,41.81,61.61,16.68,0.1965,normal
2026-04-01T09:00:00,billing-worker,eu-central-1,169.09,0.001,507.2,27.4,64.86,39.23,0.1779,normal
2026-04-01T09:00:00,auth-service,us-east-1,59.99,0.0095,1563.93,39.58,61.86,0.06,0.1558,normal
2026-04-01T09:00:00,auth-service,us-west-2,80.11,0.0105,1526.71,37.3,62.47,14.12,0.1783,normal
2026-04-01T09:00:00,auth-service,eu-central-1,76.34,0.007,1356.49,41.75,59.42,24.04,0.2078,normal
2026-04-01T09:00:00,search-api,us-east-1,88.34,0.0089,980.48,43.16,66.7,33.93,0.2364,normal
2026-04-01T09:00:00,search-api,us-west-2,88.09,0.0013,991.69,54.24,64.46,24.51,0.2423,normal
2026-04-01T09:00:00,search-api,eu-central-1,90.3,0.0061,993.18,34.71,45.31,10.02,0.153,normal
2026-04-01T09:00:00,notification-service,us-east-1,101.95,0.0167,424.37,36.17,59.62,12.01,0.1812,normal
2026-04-01T09:00:00,notification-service,us-west-2,93.91,0.0087,415.74,52.47,53.92,19.77,0.2397,normal
2026-04-01T09:00:00,notification-service,eu-central-1,84.91,0.0077,446.22,36.46,45.09,0.34,0.1422,normal
2026-04-01T09:00:00,analytics-pipeline,us-east-1,161.76,0.006,231.54,42.44,61.89,18.96,0.1981,normal
2026-04-01T09:00:00,analytics-pipeline,us-west-2,168.57,0.0062,207.65,40.65,61.39,22.24,0.1988,normal
2026-04-01T09:00:00,analytics-pipeline,eu-central-1,178.25,0.0083,242.47,42.12,63.16,22.66,0.2087,normal
2026-04-01T10:00:00,checkout-api,us-east-1,106.79,0.0142,1126.36,39.13,52.34,11.62,0.1863,normal
2026-04-01T10:00:00,checkout-api,us-west-2,118.07,0.016,1160.31,46.55,66.23,24.46,0.2418,normal
2026-04-01T10:00:00,checkout-api,eu-central-1,115.12,0.0039,1122.56,45.62,68.05,18.83,0.2053,normal
2026-04-01T10:00:00,billing-worker,us-east-1,135.04,0.0076,495.75,35.13,68.51,13.0,0.1632,normal
2026-04-01T10:00:00,billing-worker,us-west-2,145.24,0.0176,542.25,44.69,53.72,21.28,0.2317,normal
2026-04-01T10:00:00,billing-worker,eu-central-1,163.81,0.0115,544.19,42.78,61.61,16.39,0.204,normal
2026-04-01T10:00:00,auth-service,us-east-1,77.56,0.0142,1417.67,41.5,59.68,13.43,0.1983,normal
2026-04-01T10:00:00,auth-service,us-west-2,73.15,0.0121,1675.12,47.04,60.28,5.59,0.1979,normal
2026-04-01T10:00:00,auth-service,eu-central-1,86.57,0.0093,1522.46,33.05,57.6,9.23,0.1513,normal
2026-04-01T10:00:00,search-api,us-east-1,95.54,0.0109,953.06,44.24,52.04,29.44,0.2346,normal
2026-04-01T10:00:00,search-api,us-west-2,90.04,0.0017,942.82,35.89,50.93,15.16,0.1597,normal
2026-04-01T10:00:00,search-api,eu-central-1,97.21,0.0043,945.16,53.41,62.78,16.78,0.229,normal
2026-04-01T10:00:00,notification-service,us-east-1,85.87,0.0085,438.17,47.86,57.35,0,0.1828,normal
2026-04-01T10:00:00,notification-service,us-west-2,84.85,0.0054,453.27,37.12,59.04,35.42,0.2122,normal
2026-04-01T10:00:00,notification-service,eu-central-1,77.88,0.0045,408.71,22.84,44.85,20.92,0.1308,normal
2026-04-01T10:00:00,analytics-pipeline,us-east-1,170.81,0.0015,214.9,46.94,52.57,15.07,0.1978,normal
2026-04-01T10:00:00,analytics-pipeline,us-west-2,184.76,0.0144,253.93,50.26,59.01,19.47,0.2417,normal
2026-04-01T10:00:00,analytics-pipeline,eu-central-1,205.95,0.0147,228.26,45.66,60.01,18.42,0.224,normal
2026-04-01T11:00:00,checkout-api,us-east-1,100.8,0.0037,1128.56,29.65,66.57,22.29,0.156,normal
2026-04-01T11:00:00,checkout-api,us-west-2,94.87,0.0146,1209.83,26.73,70.89,24.48,0.1699,normal
2026-04-01T11:00:00,checkout-api,eu-central-1,122.34,0.0041,1189.25,45.38,59.41,19.37,0.2058,normal
2026-04-01T11:00:00,billing-worker,us-east-1,157.22,0.003,481.1,30.85,54.1,13.16,0.1403,normal
2026-04-01T11:00:00,billing-worker,us-west-2,149.26,0.0101,513.19,36.59,54.91,25.62,0.1986,normal
2026-04-01T11:00:00,billing-worker,eu-central-1,153.86,0.0094,504.27,54.42,53.84,23.19,0.2548,normal
2026-04-01T11:00:00,auth-service,us-east-1,81.92,0.0079,1586.91,33.07,65.09,19.6,0.1701,normal
2026-04-01T11:00:00,auth-service,us-west-2,65.48,0.0117,1458.08,52.25,53.25,16.68,0.238,normal
2026-04-01T11:00:00,auth-service,eu-central-1,76.7,0.0077,1544.47,37.57,62.7,18.04,0.1822,normal
2026-04-01T11:00:00,search-api,us-east-1,96.6,0.001,1005.95,42.25,45.52,18.76,0.1881,normal
2026-04-01T11:00:00,search-api,us-west-2,98.55,0.0133,900.93,54.38,56.88,37.16,0.2902,normal
2026-04-01T11:00:00,search-api,eu-central-1,93.89,0.0117,934.44,33.07,65.68,25.25,0.1885,normal
2026-04-01T11:00:00,notification-service,us-east-1,95.46,0.0124,426.82,28.7,53.45,12.6,0.1486,normal
2026-04-01T11:00:00,notification-service,us-west-2,79.46,0.0113,446.28,39.84,59.21,16.83,0.1943,normal
2026-04-01T11:00:00,notification-service,eu-central-1,86.45,0.012,459.92,36.51,47.45,29.42,0.2096,normal
2026-04-01T11:00:00,analytics-pipeline,us-east-1,181.65,0.0134,213.07,39.36,58.19,6.47,0.1752,normal
2026-04-01T11:00:00,analytics-pipeline,us-west-2,172.57,0.0119,244.1,54.75,51.95,6.79,0.2269,normal
2026-04-01T11:00:00,analytics-pipeline,eu-central-1,187.49,0.0128,234.0,31.59,63.47,24.34,0.1833,normal
2026-04-01T12:00:00,checkout-api,us-east-1,109.65,0.0071,1176.33,48.33,54.09,3.25,0.1885,normal
2026-04-01T12:00:00,checkout-api,us-west-2,107.76,0.0109,1159.77,49.11,53.89,17.34,0.227,normal
2026-04-01T12:00:00,checkout-api,eu-central-1,102.44,0.0113,1249.95,39.99,72.38,30.23,0.2221,normal
2026-04-01T12:00:00,billing-worker,us-east-1,154.17,0.0113,557.02,40.56,57.22,9.5,0.1818,normal
2026-04-01T12:00:00,billing-worker,us-west-2,150.48,0.0144,525.82,45.38,56.6,19.36,0.2243,normal
2026-04-01T12:00:00,billing-worker,eu-central-1,128.47,0.0132,502.07,33.16,52.74,11.4,0.1631,normal
2026-04-01T12:00:00,auth-service,us-east-1,80.13,0.0132,1423.17,49.41,64.22,13.37,0.2241,normal
2026-04-01T12:00:00,auth-service,us-west-2,66.08,0.006,1477.46,44.74,55.5,1.77,0.1711,normal
2026-04-01T12:00:00,auth-service,eu-central-1,76.4,0.0029,1592.91,32.35,53.15,11.17,0.1412,normal
2026-04-01T12:00:00,search-api,us-east-1,90.88,0.0142,991.47,46.81,60.24,5.62,0.2009,normal
2026-04-01T12:00:00,search-api,us-west-2,91.04,0.0068,905.85,46.07,52.81,12.32,0.1987,normal
2026-04-01T12:00:00,search-api,eu-central-1,87.06,0.001,979.46,52.65,59.22,10.19,0.2069,normal
2026-04-01T12:00:00,notification-service,us-east-1,66.61,0.0097,465.47,44.38,64.49,29.83,0.2338,normal
2026-04-01T12:00:00,notification-service,us-west-2,92.66,0.0072,461.93,48.21,47.24,14.76,0.2119,normal
2026-04-01T12:00:00,notification-service,eu-central-1,75.32,0.0086,451.69,33.46,43.61,28.39,0.1906,normal
2026-04-01T12:00:00,analytics-pipeline,us-east-1,185.43,0.0149,216.71,50.48,72.52,34.06,0.2731,normal
2026-04-01T12:00:00,analytics-pipeline,us-west-2,176.98,0.0101,230.04,49.99,65.26,18.7,0.2313,normal
2026-04-01T12:00:00,analytics-pipeline,eu-central-1,160.43,0.012,226.44,47.03,59.84,30.99,0.2495,normal
2026-04-01T13:00:00,checkout-api,us-east-1,114.56,0.0072,1178.89,56.11,54.24,21.47,0.2533,normal
2026-04-01T13:00:00,checkout-api,us-west-2,115.0,0.014,1188.56,31.44,49.17,19.98,0.1762,normal
2026-04-01T13:00:00,checkout-api,eu-central-1,108.25,0.0192,1109.9,51.1,63.39,4.63,0.2229,normal
2026-04-01T13:00:00,billing-worker,us-east-1,135.51,0.0097,499.96,40.76,61.29,11.52,0.1836,normal
2026-04-01T13:00:00,billing-worker,us-west-2,150.41,0.0065,498.67,46.29,53.99,20.3,0.2152,normal
2026-04-01T13:00:00,billing-worker,eu-central-1,163.55,0.0091,508.72,47.88,55.44,26.66,0.2385,normal
2026-04-01T13:00:00,auth-service,us-east-1,67.3,0.0115,1486.59,35.61,70.39,11.2,0.1682,normal
2026-04-01T13:00:00,auth-service,us-west-2,85.54,0.0116,1633.98,34.19,66.39,29.65,0.2012,normal
2026-04-01T13:00:00,auth-service,eu-central-1,74.3,0.0085,1709.2,43.42,55.04,12.96,0.1937,normal
2026-04-01T13:00:00,search-api,us-east-1,98.39,0.0103,959.91,55.77,55.71,21.79,0.2583,normal
2026-04-01T13:00:00,search-api,us-west-2,106.09,0.005,1000.21,56.66,48.52,9.22,0.2261,normal
2026-04-01T13:00:00,search-api,eu-central-1,87.11,0.0016,972.79,27.15,61.49,29.63,0.1585,normal
2026-04-01T13:00:00,notification-service,us-east-1,74.02,0.0077,397.77,48.23,52.84,15.87,0.2152,normal
2026-04-01T13:00:00,notification-service,us-west-2,85.37,0.0112,431.71,42.12,54.17,18.92,0.2062,normal
2026-04-01T13:00:00,notification-service,eu-central-1,77.03,0.0093,397.46,38.08,71.41,18.64,0.1881,normal
2026-04-01T13:00:00,analytics-pipeline,us-east-1,161.86,0.01,220.72,28.79,52.84,23.89,0.1677,normal
2026-04-01T13:00:00,analytics-pipeline,us-west-2,185.53,0.0086,221.24,33.37,67.45,19.96,0.1731,normal
2026-04-01T13:00:00,analytics-pipeline,eu-central-1,166.3,0.001,216.18,61.8,49.96,17.39,0.2537,normal
2026-04-01T14:00:00,checkout-api,us-east-1,106.76,0.0084,1143.14,31.01,50.64,31.51,0.1881,normal
2026-04-01T14:00:00,checkout-api,us-west-2,98.65,0.0124,1062.45,39.81,59.83,26.29,0.2154,normal
2026-04-01T14:00:00,checkout-api,eu-central-1,95.57,0.0114,1181.0,36.1,61.34,10.82,0.169,normal
2026-04-01T14:00:00,billing-worker,us-east-1,135.77,0.0089,444.01,41.12,51.0,6.3,0.1729,normal
2026-04-01T14:00:00,billing-worker,us-west-2,140.07,0.0121,502.21,52.13,49.88,7.5,0.2195,normal
2026-04-01T14:00:00,billing-worker,eu-central-1,162.99,0.0106,536.21,35.39,63.63,20.08,0.184,normal
2026-04-01T14:00:00,auth-service,us-east-1,78.89,0.0091,1615.47,36.81,51.25,6.18,0.1578,normal
2026-04-01T14:00:00,auth-service,us-west-2,81.96,0.006,1446.76,34.48,54.88,7.83,0.1476,normal
2026-04-01T14:00:00,auth-service,eu-central-1,73.26,0.0065,1483.65,34.32,58.26,14.31,0.1611,normal
2026-04-01T14:00:00,search-api,us-east-1,95.87,0.01,967.52,24.49,54.25,11.63,0.1275,normal
2026-04-01T14:00:00,search-api,us-west-2,100.88,0.0027,918.16,39.65,55.65,25.93,0.1967,normal
2026-04-01T14:00:00,search-api,eu-central-1,91.64,0.0129,883.01,27.5,66.53,21.49,0.1634,normal
2026-04-01T14:00:00,notification-service,us-east-1,88.32,0.0095,449.66,32.27,64.64,13.74,0.1582,normal
2026-04-01T14:00:00,notification-service,us-west-2,91.7,0.0094,396.57,31.7,65.89,16.91,0.1624,normal
2026-04-01T14:00:00,notification-service,eu-central-1,82.31,0.01,430.02,37.64,58.72,19.15,0.1889,normal
2026-04-01T14:00:00,analytics-pipeline,us-east-1,201.84,0.0092,253.23,56.42,70.02,26.49,0.2682,normal
2026-04-01T14:00:00,analytics-pipeline,us-west-2,181.88,0.0095,230.17,36.15,57.53,12.87,0.17,normal
2026-04-01T14:00:00,analytics-pipeline,eu-central-1,203.61,0.0111,226.71,26.68,57.63,14.67,0.1434,normal
2026-04-01T15:00:00,checkout-api,us-east-1,95.88,0.0045,1030.74,46.55,57.54,38.65,0.25,normal
2026-04-01T15:00:00,checkout-api,us-west-2,104.74,0.0084,1241.32,43.07,59.17,15.03,0.1966,normal
2026-04-01T15:00:00,checkout-api,eu-central-1,99.92,0.015,1216.03,55.73,55.55,18.24,0.2594,normal
2026-04-01T15:00:00,billing-worker,us-east-1,134.78,0.0129,477.29,46.52,65.67,29.29,0.2459,normal
2026-04-01T15:00:00,billing-worker,us-west-2,134.1,0.0134,494.42,35.94,48.74,27.24,0.2056,normal
2026-04-01T15:00:00,billing-worker,eu-central-1,164.12,0.0066,493.26,39.29,75.55,26.03,0.2027,normal
2026-04-01T15:00:00,auth-service,us-east-1,71.74,0.0018,1474.55,51.5,71.07,15.87,0.216,normal
2026-04-01T15:00:00,auth-service,us-west-2,70.85,0.007,1383.57,49.27,50.4,26.51,0.2392,normal
2026-04-01T15:00:00,auth-service,eu-central-1,64.75,0.0039,1546.63,35.89,63.47,18.07,0.1696,normal
2026-04-01T15:00:00,search-api,us-east-1,86.07,0.0115,991.0,26.7,70.78,21.98,0.1591,normal
2026-04-01T15:00:00,search-api,us-west-2,100.78,0.0016,917.92,39.21,65.54,6.32,0.153,normal
2026-04-01T15:00:00,search-api,eu-central-1,88.28,0.001,940.32,44.77,46.2,13.27,0.1856,normal
2026-04-01T15:00:00,notification-service,us-east-1,88.47,0.0153,453.54,39.57,49.75,10.51,0.1876,normal
2026-04-01T15:00:00,notification-service,us-west-2,80.48,0.0096,438.13,55.34,60.01,9.43,0.2302,normal
2026-04-01T15:00:00,notification-service,eu-central-1,95.5,0.0128,441.38,36.23,44.9,9.82,0.1699,normal
2026-04-01T15:00:00,analytics-pipeline,us-east-1,193.13,0.0058,216.76,43.56,59.71,22.85,0.2096,normal
2026-04-01T15:00:00,analytics-pipeline,us-west-2,189.44,0.0146,222.23,49.83,51.09,23.55,0.2489,normal
2026-04-01T15:00:00,analytics-pipeline,eu-central-1,182.58,0.01,242.83,41.86,65.79,25.0,0.2156,normal
2026-04-01T16:00:00,checkout-api,us-east-1,106.14,0.0067,1116.05,37.78,56.58,17.8,0.1808,normal
2026-04-01T16:00:00,checkout-api,us-west-2,130.04,0.0116,1202.84,35.12,53.03,15.45,0.1753,normal
2026-04-01T16:00:00,checkout-api,eu-central-1,106.61,0.0049,1250.88,37.49,65.55,0,0.14,normal
2026-04-01T16:00:00,billing-worker,us-east-1,144.92,0.0101,517.22,46.81,59.96,19.3,0.2215,normal
2026-04-01T16:00:00,billing-worker,us-west-2,123.05,0.0061,453.37,47.03,60.15,16.44,0.2093,normal
2026-04-01T16:00:00,billing-worker,eu-central-1,135.47,0.0067,558.91,55.85,57.59,28.3,0.2654,normal
2026-04-01T16:00:00,auth-service,us-east-1,65.47,0.0013,1488.77,35.0,54.09,19.51,0.1647,normal
2026-04-01T16:00:00,auth-service,us-west-2,93.15,0.0064,1528.72,44.21,57.76,25.45,0.2182,normal
2026-04-01T16:00:00,auth-service,eu-central-1,85.65,0.004,1537.13,39.88,60.49,5.75,0.1586,normal
2026-04-01T16:00:00,search-api,us-east-1,81.64,0.001,976.19,43.54,58.52,0,0.1542,normal
2026-04-01T16:00:00,search-api,us-west-2,92.16,0.006,885.44,34.68,62.88,22.35,0.1778,normal
2026-04-01T16:00:00,search-api,eu-central-1,94.83,0.0111,923.36,42.57,58.28,22.44,0.2148,normal
2026-04-01T16:00:00,notification-service,us-east-1,84.52,0.0084,436.29,36.84,73.64,22.11,0.1893,normal
2026-04-01T16:00:00,notification-service,us-west-2,87.92,0.0182,469.5,29.55,62.87,24.7,0.1866,normal
2026-04-01T16:00:00,notification-service,eu-central-1,97.82,0.0143,455.85,32.58,51.91,20.15,0.1809,normal
2026-04-01T16:00:00,analytics-pipeline,us-east-1,187.27,0.0049,227.42,38.8,58.42,20.69,0.187,normal
2026-04-01T16:00:00,analytics-pipeline,us-west-2,175.87,0.0041,245.97,54.77,57.26,26.2,0.2526,normal
2026-04-01T16:00:00,analytics-pipeline,eu-central-1,186.4,0.0116,237.29,35.89,62.02,26.08,0.1999,normal
2026-04-01T17:00:00,checkout-api,us-east-1,97.47,0.0169,1278.12,56.58,71.92,23.94,0.2774,normal
2026-04-01T17:00:00,checkout-api,us-west-2,102.16,0.0066,1112.66,42.93,57.77,23.36,0.2099,normal
2026-04-01T17:00:00,checkout-api,eu-central-1,88.03,0.0182,1288.75,41.78,62.73,21.8,0.2237,normal
2026-04-01T17:00:00,billing-worker,us-east-1,148.17,0.0082,509.31,35.4,59.25,17.81,0.175,normal
2026-04-01T17:00:00,billing-worker,us-west-2,148.71,0.0056,513.4,42.38,62.23,9.49,0.1778,normal
2026-04-01T17:00:00,billing-worker,eu-central-1,149.87,0.0129,527.45,39.05,54.56,16.11,0.1929,normal
2026-04-01T17:00:00,auth-service,us-east-1,79.38,0.0152,1513.14,36.86,60.63,19.63,0.1965,normal
2026-04-01T17:00:00,auth-service,us-west-2,69.55,0.0061,1517.38,47.37,49.65,9.85,0.1969,normal
2026-04-01T17:00:00,auth-service,eu-central-1,77.99,0.0041,1533.16,44.82,57.22,9.85,0.1844,normal
2026-04-01T17:00:00,search-api,us-east-1,94.55,0.0077,967.33,35.29,65.64,4.6,0.1467,normal
2026-04-01T17:00:00,search-api,us-west-2,93.66,0.009,996.6,37.13,61.82,13.47,0.1738,normal
2026-04-01T17:00:00,search-api,eu-central-1,100.61,0.0159,932.83,45.54,51.51,25.79,0.2409,normal
2026-04-01T17:00:00,notification-service,us-east-1,93.23,0.0091,414.69,45.22,66.04,26.72,0.2294,normal
2026-04-01T17:00:00,notification-service,us-west-2,90.53,0.0017,424.52,53.38,49.42,27.05,0.2452,normal
2026-04-01T17:00:00,notification-service,eu-central-1,97.8,0.012,463.4,39.34,49.42,17.18,0.1945,normal
2026-04-01T17:00:00,analytics-pipeline,us-east-1,177.14,0.0088,239.74,40.84,59.34,21.39,0.2026,normal
2026-04-01T17:00:00,analytics-pipeline,us-west-2,179.92,0.0164,236.84,42.68,56.55,13.0,0.2054,normal
2026-04-01T17:00:00,analytics-pipeline,eu-central-1,199.36,0.0096,219.5,37.5,57.04,14.44,0.1781,normal
2026-04-01T18:00:00,checkout-api,us-east-1,114.11,0.0044,1187.04,43.15,49.76,18.38,0.1964,normal
2026-04-01T18:00:00,checkout-api,us-west-2,104.21,0.011,1133.34,44.43,46.34,9.33,0.1944,normal
2026-04-01T18:00:00,checkout-api,eu-central-1,111.59,0.0132,1158.27,37.21,65.58,1.27,0.1565,normal
2026-04-01T18:00:00,billing-worker,us-east-1,135.72,0.0117,528.85,33.74,44.79,29.62,0.1997,normal
2026-04-01T18:00:00,billing-worker,us-west-2,146.77,0.0054,513.78,49.21,39.86,26.88,0.237,normal
2026-04-01T18:00:00,billing-worker,eu-central-1,153.58,0.001,531.83,27.76,65.98,21.19,0.1423,normal
2026-04-01T18:00:00,auth-service,us-east-1,88.51,0.0066,1525.35,50.38,53.52,12.36,0.2134,normal
2026-04-01T18:00:00,auth-service,us-west-2,72.77,0.0087,1443.84,45.87,61.8,18.57,0.2142,normal
2026-04-01T18:00:00,auth-service,eu-central-1,85.2,0.0077,1622.99,37.63,63.29,2.52,0.1507,normal
2026-04-01T18:00:00,search-api,us-east-1,96.5,0.0083,928.43,37.12,55.57,12.24,0.1699,normal
2026-04-01T18:00:00,search-api,us-west-2,78.33,0.0066,925.88,37.81,50.6,16.91,0.1788,normal
2026-04-01T18:00:00,search-api,eu-central-1,100.96,0.008,928.54,52.86,64.84,25.37,0.2513,normal
2026-04-01T18:00:00,notification-service,us-east-1,92.86,0.0077,436.41,50.91,54.12,17.04,0.2269,normal
2026-04-01T18:00:00,notification-service,us-west-2,87.57,0.0105,433.23,49.87,56.75,23.8,0.2421,normal
2026-04-01T18:00:00,notification-service,eu-central-1,92.28,0.0116,455.04,32.72,48.82,13.05,0.1622,normal
2026-04-01T18:00:00,analytics-pipeline,us-east-1,186.84,0.015,217.86,44.45,52.02,12.14,0.2074,normal
2026-04-01T18:00:00,analytics-pipeline,us-west-2,176.02,0.0118,234.23,51.44,51.1,25.11,0.2526,normal
2026-04-01T18:00:00,analytics-pipeline,eu-central-1,193.39,0.0093,237.24,37.49,50.37,14.76,0.1781,normal
2026-04-01T19:00:00,checkout-api,us-east-1,99.6,0.0206,846.35,55.2,59.41,20.5,0.2721,normal
2026-04-01T19:00:00,checkout-api,us-west-2,111.24,0.0059,926.24,45.01,47.39,22.81,0.2148,normal
2026-04-01T19:00:00,checkout-api,eu-central-1,109.64,0.0108,964.34,38.69,61.58,23.99,0.2039,normal
2026-04-01T19:00:00,billing-worker,us-east-1,134.56,0.0138,349.85,31.6,61.66,9.29,0.1544,normal
2026-04-01T19:00:00,billing-worker,us-west-2,143.65,0.0024,388.14,32.93,60.39,5.74,0.1314,normal
2026-04-01T19:00:00,billing-worker,eu-central-1,150.2,0.0079,388.01,41.46,58.91,7.43,0.1746,normal
2026-04-01T19:00:00,auth-service,us-east-1,59.61,0.0091,1079.82,38.36,60.99,2.12,0.1551,normal
2026-04-01T19:00:00,auth-service,us-west-2,70.42,0.0066,1070.71,44.61,57.02,11.43,0.1913,normal
2026-04-01T19:00:00,auth-service,eu-central-1,69.09,0.0122,1100.54,46.68,61.15,2.85,0.1912,normal
2026-04-01T19:00:00,search-api,us-east-1,86.77,0.009,733.61,48.24,63.62,26.27,0.2388,normal
2026-04-01T19:00:00,search-api,us-west-2,92.16,0.0082,753.9,38.6,65.4,5.29,0.1606,normal
2026-04-01T19:00:00,search-api,eu-central-1,99.97,0.0083,625.55,49.84,60.18,18.17,0.2265,normal
2026-04-01T19:00:00,notification-service,us-east-1,77.68,0.0071,363.85,35.38,33.7,11.15,0.1595,normal
2026-04-01T19:00:00,notification-service,us-west-2,76.84,0.0085,322.71,34.7,52.11,26.38,0.1907,normal
2026-04-01T19:00:00,notification-service,eu-central-1,75.19,0.0168,319.45,33.26,63.51,22.51,0.1927,normal
2026-04-01T19:00:00,analytics-pipeline,us-east-1,164.98,0.012,153.83,34.61,65.88,15.95,0.1754,normal
2026-04-01T19:00:00,analytics-pipeline,us-west-2,161.25,0.0111,185.25,41.82,45.35,15.23,0.1974,normal
2026-04-01T19:00:00,analytics-pipeline,eu-central-1,186.02,0.0121,195.92,39.98,54.62,17.69,0.1979,normal
2026-04-01T20:00:00,checkout-api,us-east-1,115.13,0.0052,948.4,20.01,63.58,12.6,0.1052,normal
2026-04-01T20:00:00,checkout-api,us-west-2,108.86,0.0118,806.59,41.31,59.68,22.7,0.2122,normal
2026-04-01T20:00:00,checkout-api,eu-central-1,97.19,0.005,764.34,62.32,56.65,16.22,0.2603,normal
2026-04-01T20:00:00,billing-worker,us-east-1,127.66,0.0127,372.93,53.48,63.96,18.17,0.2473,normal
2026-04-01T20:00:00,billing-worker,us-west-2,153.43,0.0046,378.19,37.39,49.11,18.14,0.1762,normal
2026-04-01T20:00:00,billing-worker,eu-central-1,143.32,0.0147,301.91,36.62,51.57,14.29,0.1839,normal
2026-04-01T20:00:00,auth-service,us-east-1,77.53,0.0106,1152.12,38.21,61.46,20.88,0.1955,normal
2026-04-01T20:00:00,auth-service,us-west-2,63.94,0.008,1046.9,32.55,59.03,18.48,0.166,normal
2026-04-01T20:00:00,auth-service,eu-central-1,75.68,0.0055,1134.91,34.7,60.67,23.51,0.1794,normal
2026-04-01T20:00:00,search-api,us-east-1,108.34,0.0141,679.91,38.34,51.43,20.45,0.2013,normal
2026-04-01T20:00:00,search-api,us-west-2,110.05,0.0118,614.67,31.94,48.95,22.12,0.1783,normal
2026-04-01T20:00:00,search-api,eu-central-1,95.01,0.0102,800.98,35.38,52.07,33.73,0.2112,normal
2026-04-01T20:00:00,notification-service,us-east-1,87.33,0.0059,287.38,29.81,40.89,18.55,0.1528,normal
2026-04-01T20:00:00,notification-service,us-west-2,85.3,0.013,328.19,36.45,52.81,33.21,0.2189,normal
2026-04-01T20:00:00,notification-service,eu-central-1,72.99,0.0097,331.75,46.93,55.17,21.99,0.2267,normal
2026-04-01T20:00:00,analytics-pipeline,us-east-1,191.74,0.0084,169.58,40.51,51.25,16.34,0.1903,normal
2026-04-01T20:00:00,analytics-pipeline,us-west-2,175.65,0.0098,190.03,52.46,54.88,22.82,0.248,normal
2026-04-01T20:00:00,analytics-pipeline,eu-central-1,184.25,0.012,175.04,44.13,54.72,11.72,0.2001,normal
2026-04-01T21:00:00,checkout-api,us-east-1,112.33,0.0142,911.75,45.49,59.86,14.4,0.2142,normal
2026-04-01T21:00:00,checkout-api,us-west-2,90.02,0.0117,885.36,37.57,51.25,28.22,0.2102,normal
2026-04-01T21:00:00,checkout-api,eu-central-1,89.84,0.016,910.46,60.97,52.98,17.83,0.2787,normal
2026-04-01T21:00:00,billing-worker,us-east-1,139.12,0.0096,381.11,36.01,65.52,11.72,0.1673,normal
2026-04-01T21:00:00,billing-worker,us-west-2,139.11,0.0112,372.85,38.52,60.49,15.06,0.1858,normal
2026-04-01T21:00:00,billing-worker,eu-central-1,130.54,0.0086,380.86,55.64,50.32,25.75,0.2629,normal
2026-04-01T21:00:00,auth-service,us-east-1,70.28,0.0076,1125.5,44.16,64.04,32.0,0.2337,normal
2026-04-01T21:00:00,auth-service,us-west-2,71.18,0.0143,1224.65,48.5,52.68,25.21,0.2471,normal
2026-04-01T21:00:00,auth-service,eu-central-1,74.36,0.0104,1129.82,47.31,65.81,27.05,0.2397,normal
2026-04-01T21:00:00,search-api,us-east-1,93.44,0.013,785.56,34.52,68.31,7.32,0.1591,normal
2026-04-01T21:00:00,search-api,us-west-2,99.12,0.0114,787.0,44.23,54.64,11.63,0.1991,normal
2026-04-01T21:00:00,search-api,eu-central-1,85.49,0.0121,706.51,36.26,61.72,11.88,0.1729,normal
2026-04-01T21:00:00,notification-service,us-east-1,82.03,0.0072,366.93,53.7,56.89,5.43,0.212,normal
2026-04-01T21:00:00,notification-service,us-west-2,86.88,0.0093,338.74,46.52,55.76,25.4,0.2315,normal
2026-04-01T21:00:00,notification-service,eu-central-1,90.69,0.0098,322.42,38.15,62.85,9.2,0.1701,normal
2026-04-01T21:00:00,analytics-pipeline,us-east-1,177.7,0.006,158.91,46.83,57.82,18.29,0.2121,normal
2026-04-01T21:00:00,analytics-pipeline,us-west-2,192.59,0.003,174.04,44.31,63.83,9.32,0.1796,normal
2026-04-01T21:00:00,analytics-pipeline,eu-central-1,190.31,0.0099,190.26,51.11,61.85,35.19,0.2686,normal
2026-04-01T22:00:00,checkout-api,us-east-1,104.99,0.0073,854.58,34.48,57.8,2.97,0.1399,normal
2026-04-01T22:00:00,checkout-api,us-west-2,104.29,0.0107,930.5,39.22,67.72,12.79,0.1827,normal
2026-04-01T22:00:00,checkout-api,eu-central-1,103.87,0.0015,830.61,35.67,68.21,22.14,0.1728,normal
2026-04-01T22:00:00,billing-worker,us-east-1,132.49,0.0111,398.25,40.18,58.16,15.62,0.1925,normal
2026-04-01T22:00:00,billing-worker,us-west-2,138.86,0.0021,384.17,52.03,67.79,15.82,0.2182,normal
2026-04-01T22:00:00,billing-worker,eu-central-1,136.54,0.0082,408.49,44.74,54.01,20.83,0.2139,normal
2026-04-01T22:00:00,auth-service,us-east-1,73.79,0.011,1120.16,30.51,58.4,23.93,0.1756,normal
2026-04-01T22:00:00,auth-service,us-west-2,68.52,0.0086,1214.2,39.08,53.56,33.83,0.2214,normal
2026-04-01T22:00:00,auth-service,eu-central-1,79.85,0.013,1080.89,54.72,46.7,13.96,0.2435,normal
2026-04-01T22:00:00,search-api,us-east-1,100.48,0.0142,675.24,36.83,59.34,2.99,0.1605,normal
2026-04-01T22:00:00,search-api,us-west-2,99.73,0.0112,697.24,46.18,63.28,20.4,0.2235,normal
2026-04-01T22:00:00,search-api,eu-central-1,98.86,0.0149,695.89,43.26,54.45,26.03,0.2314,normal
2026-04-01T22:00:00,notification-service,us-east-1,82.31,0.0108,334.07,42.51,69.65,17.34,0.2038,normal
2026-04-01T22:00:00,notification-service,us-west-2,94.34,0.0122,358.8,40.72,64.29,23.85,0.2133,normal
2026-04-01T22:00:00,notification-service,eu-central-1,80.96,0.01,328.51,41.72,66.81,12.43,0.1895,normal
2026-04-01T22:00:00,analytics-pipeline,us-east-1,156.59,0.0023,169.82,37.02,58.1,22.37,0.1794,normal
2026-04-01T22:00:00,analytics-pipeline,us-west-2,204.48,0.0102,179.9,36.33,61.92,28.49,0.2038,normal
2026-04-01T22:00:00,analytics-pipeline,eu-central-1,198.63,0.0015,184.59,54.22,63.58,6.47,0.2056,normal
2026-04-01T23:00:00,checkout-api,us-east-1,102.51,0.0113,896.83,35.74,51.99,25.45,0.1974,normal
2026-04-01T23:00:00,checkout-api,us-west-2,94.2,0.0145,875.1,44.32,49.01,13.41,0.2087,normal
2026-04-01T23:00:00,checkout-api,eu-central-1,110.57,0.0033,987.62,31.19,49.77,18.33,0.1527,normal
2026-04-01T23:00:00,billing-worker,us-east-1,150.38,0.0118,377.4,40.4,56.41,13.58,0.1905,normal
2026-04-01T23:00:00,billing-worker,us-west-2,116.24,0.0127,392.48,43.22,53.77,19.93,0.2149,normal
2026-04-01T23:00:00,billing-worker,eu-central-1,144.85,0.0087,413.17,28.76,59.69,9.8,0.1364,normal
2026-04-01T23:00:00,auth-service,us-east-1,73.17,0.0148,1071.9,41.23,54.02,25.3,0.2226,normal
2026-04-01T23:00:00,auth-service,us-west-2,69.35,0.0025,1187.03,39.28,55.85,26.3,0.1958,normal
2026-04-01T23:00:00,auth-service,eu-central-1,69.88,0.0076,1160.63,45.18,54.53,25.95,0.2248,normal
2026-04-01T23:00:00,search-api,us-east-1,111.36,0.0074,801.63,25.79,67.46,15.36,0.1351,normal
2026-04-01T23:00:00,search-api,us-west-2,96.0,0.0077,689.0,32.18,55.35,27.96,0.1837,normal
2026-04-01T23:00:00,search-api,eu-central-1,103.32,0.0077,693.87,36.61,49.94,31.86,0.2071,normal
2026-04-01T23:00:00,notification-service,us-east-1,89.33,0.0095,321.01,34.15,66.85,24.0,0.1856,normal
2026-04-01T23:00:00,notification-service,us-west-2,78.78,0.0128,308.24,46.93,51.54,14.82,0.2176,normal
2026-04-01T23:00:00,notification-service,eu-central-1,88.23,0.0107,352.18,35.57,68.61,28.33,0.2016,normal
2026-04-01T23:00:00,analytics-pipeline,us-east-1,179.86,0.0108,166.28,40.83,49.12,18.68,0.2005,normal
2026-04-01T23:00:00,analytics-pipeline,us-west-2,182.76,0.0142,185.17,48.26,55.57,16.27,0.2277,normal
2026-04-01T23:00:00,analytics-pipeline,eu-central-1,175.29,0.0099,153.67,47.92,47.47,14.04,0.2142,normal
2026-04-02T00:00:00,checkout-api,us-east-1,105.18,0.007,965.0,41.25,68.56,27.01,0.2123,normal
2026-04-02T00:00:00,checkout-api,us-west-2,100.99,0.0105,945.05,39.44,58.59,13.71,0.1851,normal
2026-04-02T00:00:00,checkout-api,eu-central-1,105.47,0.0076,878.52,49.7,67.36,19.02,0.2266,normal
2026-04-02T00:00:00,billing-worker,us-east-1,147.25,0.0123,379.38,33.87,65.46,10.82,0.1628,normal
2026-04-02T00:00:00,billing-worker,us-west-2,155.36,0.0053,430.68,33.98,63.71,29.52,0.1888,normal
2026-04-02T00:00:00,billing-worker,eu-central-1,134.3,0.0147,366.49,28.45,62.85,23.39,0.1739,normal
2026-04-02T00:00:00,auth-service,us-east-1,73.83,0.001,1146.05,39.65,55.45,15.78,0.1728,normal
2026-04-02T00:00:00,auth-service,us-west-2,64.69,0.0068,1279.6,53.88,55.57,12.53,0.2265,normal
2026-04-02T00:00:00,auth-service,eu-central-1,77.28,0.0131,1202.07,33.02,59.09,19.08,0.1781,normal
2026-04-02T00:00:00,search-api,us-east-1,105.49,0.0136,741.14,51.34,55.34,29.81,0.2651,normal
2026-04-02T00:00:00,search-api,us-west-2,91.89,0.0105,758.85,34.98,53.28,4.5,0.1506,normal
2026-04-02T00:00:00,search-api,eu-central-1,96.2,0.0088,702.92,45.83,43.78,17.82,0.2127,normal
2026-04-02T00:00:00,notification-service,us-east-1,85.57,0.008,347.66,55.46,55.0,10.78,0.2305,normal
2026-04-02T00:00:00,notification-service,us-west-2,81.05,0.0094,343.35,35.39,64.72,10.13,0.1614,normal
2026-04-02T00:00:00,notification-service,eu-central-1,90.4,0.0106,340.81,58.57,56.23,16.73,0.2584,normal
2026-04-02T00:00:00,analytics-pipeline,us-east-1,186.59,0.0123,160.15,44.11,53.02,22.84,0.2233,normal
2026-04-02T00:00:00,analytics-pipeline,us-west-2,198.93,0.0092,173.63,43.41,38.14,23.92,0.2174,normal
2026-04-02T00:00:00,analytics-pipeline,eu-central-1,187.76,0.0096,170.47,36.39,56.8,27.32,0.2006,normal
2026-04-02T01:00:00,checkout-api,us-east-1,104.17,0.0142,733.26,38.47,59.84,17.9,0.1968,normal
2026-04-02T01:00:00,checkout-api,us-west-2,91.61,0.0064,942.39,32.08,51.34,9.57,0.1435,normal
2026-04-02T01:00:00,checkout-api,eu-central-1,100.55,0.0115,906.52,26.41,67.81,13.45,0.1406,normal
2026-04-02T01:00:00,billing-worker,us-east-1,138.45,0.0154,384.42,32.48,53.71,12.42,0.1668,normal
2026-04-02T01:00:00,billing-worker,us-west-2,133.76,0.0077,407.63,44.69,48.72,39.41,0.2509,normal
2026-04-02T01:00:00,billing-worker,eu-central-1,133.98,0.0094,387.16,47.85,55.79,21.51,0.2285,normal
2026-04-02T01:00:00,auth-service,us-east-1,87.13,0.0094,1072.06,44.52,52.6,15.16,0.2037,normal
2026-04-02T01:00:00,auth-service,us-west-2,76.08,0.0103,1129.52,48.52,56.7,7.98,0.2047,normal
2026-04-02T01:00:00,auth-service,eu-central-1,80.06,0.0076,1237.33,36.97,61.85,20.42,0.1849,normal
2026-04-02T01:00:00,search-api,us-east-1,75.32,0.0033,667.31,52.8,45.31,25.02,0.2419,normal
2026-04-02T01:00:00,search-api,us-west-2,102.97,0.0109,747.9,38.19,57.93,19.73,0.1936,normal
2026-04-02T01:00:00,search-api,eu-central-1,98.07,0.0117,708.32,36.61,54.22,21.16,0.1925,normal
2026-04-02T01:00:00,notification-service,us-east-1,74.16,0.0042,322.66,37.75,56.18,0,0.1397,normal
2026-04-02T01:00:00,notification-service,us-west-2,82.77,0.008,347.3,26.8,55.94,21.64,0.1525,normal
2026-04-02T01:00:00,notification-service,eu-central-1,88.2,0.0136,353.09,33.94,62.28,15.43,0.1748,normal
2026-04-02T01:00:00,analytics-pipeline,us-east-1,168.89,0.0149,167.91,35.43,55.26,11.45,0.1742,normal
2026-04-02T01:00:00,analytics-pipeline,us-west-2,193.93,0.0105,190.15,45.16,53.86,26.06,0.2302,normal
2026-04-02T01:00:00,analytics-pipeline,eu-central-1,170.93,0.0072,172.96,42.3,66.05,13.34,0.1883,normal
2026-04-02T02:00:00,checkout-api,us-east-1,107.84,0.0089,804.99,33.57,56.52,21.11,0.1767,normal
2026-04-02T02:00:00,checkout-api,us-west-2,107.59,0.0108,876.67,38.55,60.87,10.28,0.1755,normal
2026-04-02T02:00:00,checkout-api,eu-central-1,94.13,0.0077,795.51,38.03,52.96,13.73,0.1751,normal
2026-04-02T02:00:00,billing-worker,us-east-1,144.5,0.0059,376.13,28.82,58.98,11.21,0.1344,normal
2026-04-02T02:00:00,billing-worker,us-west-2,149.52,0.001,366.92,43.87,41.53,15.22,0.1865,normal
2026-04-02T02:00:00,billing-worker,eu-central-1,146.06,0.0094,350.04,43.77,59.0,10.5,0.1916,normal
2026-04-02T02:00:00,auth-service,us-east-1,79.31,0.0088,1151.35,38.53,61.7,18.75,0.1891,normal
2026-04-02T02:00:00,auth-service,us-west-2,81.58,0.0107,1105.32,40.28,64.21,15.18,0.1914,normal
2026-04-02T02:00:00,auth-service,eu-central-1,77.22,0.011,1136.99,24.01,58.89,19.65,0.1441,normal
2026-04-02T02:00:00,search-api,us-east-1,96.0,0.0061,772.28,40.96,53.78,12.45,0.1797,normal
2026-04-02T02:00:00,search-api,us-west-2,97.63,0.0048,672.32,57.47,66.87,26.15,0.2633,normal
2026-04-02T02:00:00,search-api,eu-central-1,105.03,0.0113,641.33,51.24,66.39,21.79,0.2443,normal
2026-04-02T02:00:00,notification-service,us-east-1,72.13,0.0138,359.74,38.19,58.86,24.01,0.2076,normal
2026-04-02T02:00:00,notification-service,us-west-2,84.44,0.0133,332.9,47.36,58.58,6.54,0.203,normal
2026-04-02T02:00:00,notification-service,eu-central-1,78.44,0.0213,337.04,52.16,65.72,31.29,0.2848,normal
2026-04-02T02:00:00,analytics-pipeline,us-east-1,187.74,0.0067,175.01,27.12,56.72,25.03,0.1582,normal
2026-04-02T02:00:00,analytics-pipeline,us-west-2,149.81,0.0098,183.91,52.3,51.71,12.94,0.2271,normal
2026-04-02T02:00:00,analytics-pipeline,eu-central-1,153.8,0.005,180.71,58.06,50.22,28.7,0.271,normal
2026-04-02T03:00:00,checkout-api,us-east-1,108.48,0.0071,995.4,22.42,57.54,19.7,0.1315,normal
2026-04-02T03:00:00,checkout-api,us-west-2,122.37,0.016,999.33,43.04,64.67,28.6,0.2379,normal
2026-04-02T03:00:00,checkout-api,eu-central-1,109.18,0.0104,863.84,38.83,49.64,33.15,0.2224,normal
2026-04-02T03:00:00,billing-worker,us-east-1,139.97,0.001,392.87,41.74,59.2,32.11,0.2136,normal
2026-04-02T03:00:00,billing-worker,us-west-2,143.8,0.008,368.11,41.83,55.01,19.59,0.2008,normal
2026-04-02T03:00:00,billing-worker,eu-central-1,180.23,0.0105,365.4,57.02,63.88,24.35,0.2683,normal
2026-04-02T03:00:00,auth-service,us-east-1,79.17,0.0122,1199.22,52.98,64.86,28.5,0.2656,normal
2026-04-02T03:00:00,auth-service,us-west-2,72.07,0.009,1096.79,49.45,63.66,14.37,0.2187,normal
2026-04-02T03:00:00,auth-service,eu-central-1,78.41,0.0192,1240.28,33.31,57.37,22.94,0.1981,normal
2026-04-02T03:00:00,search-api,us-east-1,94.74,0.0105,771.36,44.56,50.52,23.57,0.2231,normal
2026-04-02T03:00:00,search-api,us-west-2,94.28,0.0094,691.79,31.23,49.5,15.25,0.1575,normal
2026-04-02T03:00:00,search-api,eu-central-1,87.09,0.001,769.93,32.95,53.06,22.14,0.1624,normal
2026-04-02T03:00:00,notification-service,us-east-1,69.04,0.0142,315.03,47.14,54.72,20.38,0.2323,normal
2026-04-02T03:00:00,notification-service,us-west-2,85.7,0.009,292.77,30.55,57.72,28.99,0.1824,normal
2026-04-02T03:00:00,notification-service,eu-central-1,81.39,0.0111,334.62,45.77,64.76,6.32,0.1931,normal
2026-04-02T03:00:00,analytics-pipeline,us-east-1,183.85,0.0083,171.33,35.35,52.64,9.98,0.1591,normal
2026-04-02T03:00:00,analytics-pipeline,us-west-2,164.6,0.0188,193.68,42.08,63.06,10.39,0.2023,normal
2026-04-02T03:00:00,analytics-pipeline,eu-central-1,140.97,0.0019,176.37,53.22,57.71,10.2,0.2105,normal
2026-04-02T04:00:00,checkout-api,us-east-1,103.02,0.0051,796.54,40.19,55.27,11.67,0.1737,normal
2026-04-02T04:00:00,checkout-api,us-west-2,97.75,0.0054,887.12,52.86,56.57,35.43,0.2672,normal
2026-04-02T04:00:00,checkout-api,eu-central-1,91.76,0.0101,809.76,40.74,58.7,22.36,0.2065,normal
2026-04-02T04:00:00,billing-worker,us-east-1,157.77,0.0068,355.89,40.53,60.0,12.55,0.1798,normal
2026-04-02T04:00:00,billing-worker,us-west-2,155.1,0.0156,351.47,44.83,64.94,3.02,0.1911,normal
2026-04-02T04:00:00,billing-worker,eu-central-1,147.33,0.0081,351.44,52.26,59.48,14.27,0.2267,normal
2026-04-02T04:00:00,auth-service,us-east-1,77.59,0.0115,1206.25,46.52,60.79,8.83,0.2016,normal
2026-04-02T04:00:00,auth-service,us-west-2,72.54,0.0095,947.68,58.62,55.41,9.78,0.2423,normal
2026-04-02T04:00:00,auth-service,eu-central-1,64.36,0.01,1152.36,37.45,55.16,11.07,0.1717,normal
2026-04-02T04:00:00,search-api,us-east-1,89.45,0.0086,688.24,47.29,57.03,19.03,0.22,normal
2026-04-02T04:00:00,search-api,us-west-2,98.0,0.014,745.03,43.78,56.89,11.72,0.2023,normal
2026-04-02T04:00:00,search-api,eu-central-1,92.46,0.0117,727.93,38.98,48.91,6.05,0.1698,normal
2026-04-02T04:00:00,notification-service,us-east-1,87.13,0.013,339.07,31.29,56.55,19.73,0.1733,normal
2026-04-02T04:00:00,notification-service,us-west-2,78.91,0.0104,326.99,35.49,49.53,24.32,0.1926,normal
2026-04-02T04:00:00,notification-service,eu-central-1,87.36,0.0055,309.85,48.94,62.07,15.63,0.2132,normal
2026-04-02T04:00:00,analytics-pipeline,us-east-1,202.35,0.0079,163.07,50.51,56.72,20.69,0.2333,normal
2026-04-02T04:00:00,analytics-pipeline,us-west-2,180.53,0.0051,161.62,40.49,67.58,10.18,0.1717,normal
2026-04-02T04:00:00,analytics-pipeline,eu-central-1,199.05,0.0099,162.45,44.08,61.87,11.0,0.1945,normal
2026-04-02T05:00:00,checkout-api,us-east-1,87.58,0.0104,812.41,45.43,44.97,16.89,0.2123,normal
2026-04-02T05:00:00,checkout-api,us-west-2,98.38,0.0032,860.62,43.33,54.21,8.81,0.1755,normal
2026-04-02T05:00:00,checkout-api,eu-central-1,106.74,0.0022,903.67,45.82,69.42,24.87,0.2152,normal
2026-04-02T05:00:00,billing-worker,us-east-1,149.0,0.01,387.08,31.69,67.96,22.1,0.1742,normal
2026-04-02T05:00:00,billing-worker,us-west-2,141.77,0.0045,422.76,46.14,49.94,23.22,0.2172,normal
2026-04-02T05:00:00,billing-worker,eu-central-1,166.37,0.0089,396.2,38.77,53.72,26.34,0.2056,normal
2026-04-02T05:00:00,auth-service,us-east-1,92.95,0.0095,1140.97,48.17,55.93,23.66,0.234,normal
2026-04-02T05:00:00,auth-service,us-west-2,79.83,0.0051,1071.88,41.42,63.66,20.15,0.1953,normal
2026-04-02T05:00:00,auth-service,eu-central-1,82.23,0.0037,1185.91,37.17,58.68,20.5,0.1786,normal
2026-04-02T05:00:00,search-api,us-east-1,87.84,0.0081,664.73,44.07,52.22,14.16,0.1978,normal
2026-04-02T05:00:00,search-api,us-west-2,96.61,0.0065,769.76,37.05,63.77,20.2,0.1826,normal
2026-04-02T05:00:00,search-api,eu-central-1,87.37,0.0082,679.62,39.19,56.16,32.11,0.2175,normal
2026-04-02T05:00:00,notification-service,us-east-1,82.24,0.0151,340.56,31.86,42.3,23.26,0.1863,normal
2026-04-02T05:00:00,notification-service,us-west-2,71.88,0.0118,352.74,45.03,56.58,16.05,0.2116,normal
2026-04-02T05:00:00,notification-service,eu-central-1,86.71,0.0078,320.0,39.13,65.94,13.19,0.178,normal
2026-04-02T05:00:00,analytics-pipeline,us-east-1,185.3,0.0045,166.93,31.35,56.66,23.29,0.1655,normal
2026-04-02T05:00:00,analytics-pipeline,us-west-2,184.26,0.0071,181.55,39.31,60.52,20.12,0.1915,normal
2026-04-02T05:00:00,analytics-pipeline,eu-central-1,187.55,0.001,160.43,47.99,57.27,35.37,0.2421,normal
2026-04-02T06:00:00,checkout-api,us-east-1,103.09,0.0069,956.41,46.3,70.86,21.95,0.2193,normal
2026-04-02T06:00:00,checkout-api,us-west-2,103.34,0.0118,830.55,38.54,54.24,16.28,0.1895,normal
2026-04-02T06:00:00,checkout-api,eu-central-1,111.33,0.0071,891.76,38.14,63.98,0,0.1463,normal
2026-04-02T06:00:00,billing-worker,us-east-1,142.67,0.0097,360.12,49.84,59.46,27.91,0.2489,normal
2026-04-02T06:00:00,billing-worker,us-west-2,155.79,0.0115,382.76,33.6,56.51,14.44,0.1678,normal
2026-04-02T06:00:00,billing-worker,eu-central-1,147.8,0.0072,460.83,29.64,65.95,14.37,0.1461,normal
2026-04-02T06:00:00,auth-service,us-east-1,73.59,0.0126,1150.2,32.63,60.8,16.49,0.1706,normal
2026-04-02T06:00:00,auth-service,us-west-2,63.07,0.0098,1073.55,36.25,61.26,20.32,0.186,normal
2026-04-02T06:00:00,auth-service,eu-central-1,73.32,0.0174,1180.38,37.26,59.6,17.06,0.1966,normal
2026-04-02T06:00:00,search-api,us-east-1,78.83,0.0029,654.77,57.95,56.76,15.87,0.2405,normal
2026-04-02T06:00:00,search-api,us-west-2,90.86,0.0128,718.86,55.17,63.33,30.7,0.2789,normal
2026-04-02T06:00:00,search-api,eu-central-1,94.14,0.0104,698.05,40.7,46.31,13.51,0.1889,normal
2026-04-02T06:00:00,notification-service,us-east-1,78.76,0.0065,356.54,44.02,66.27,24.62,0.2161,normal
2026-04-02T06:00:00,notification-service,us-west-2,91.03,0.0129,318.59,48.19,55.83,13.91,0.2203,normal
2026-04-02T06:00:00,notification-service,eu-central-1,92.83,0.0173,310.83,55.4,63.61,11.47,0.2486,normal
2026-04-02T06:00:00,analytics-pipeline,us-east-1,183.79,0.0104,178.92,39.25,49.33,18.24,0.1935,normal
2026-04-02T06:00:00,analytics-pipeline,us-west-2,191.96,0.012,182.06,50.5,51.31,17.67,0.2345,normal
2026-04-02T06:00:00,analytics-pipeline,eu-central-1,184.72,0.0129,176.51,45.99,58.9,34.17,0.254,normal
2026-04-02T07:00:00,checkout-api,us-east-1,87.33,0.0089,1009.95,43.82,45.65,19.03,0.2083,normal
2026-04-02T07:00:00,checkout-api,us-west-2,93.4,0.0064,886.33,55.21,61.12,23.15,0.2521,normal
2026-04-02T07:00:00,checkout-api,eu-central-1,113.24,0.0098,826.94,41.24,60.27,15.87,0.1944,normal
2026-04-02T07:00:00,billing-worker,us-east-1,137.54,0.0076,349.96,34.11,57.39,15.22,0.1642,normal
2026-04-02T07:00:00,billing-worker,us-west-2,145.42,0.0144,393.67,41.75,50.09,9.7,0.1919,normal
2026-04-02T07:00:00,billing-worker,eu-central-1,149.19,0.0056,396.82,33.73,58.91,17.44,0.1639,normal
2026-04-02T07:00:00,auth-service,us-east-1,80.75,0.0075,1123.13,43.89,58.37,31.01,0.2305,normal
2026-04-02T07:00:00,auth-service,us-west-2,73.51,0.0069,1126.96,45.65,59.58,23.34,0.22,normal
2026-04-02T07:00:00,auth-service,eu-central-1,67.01,0.0185,1282.81,41.76,49.86,19.19,0.2188,normal
2026-04-02T07:00:00,search-api,us-east-1,98.04,0.001,718.21,30.62,61.09,28.64,0.1675,normal
2026-04-02T07:00:00,search-api,us-west-2,102.56,0.0032,779.82,48.98,55.57,21.86,0.2219,normal
2026-04-02T07:00:00,search-api,eu-central-1,106.1,0.0077,716.9,37.69,65.79,1.42,0.1487,normal
2026-04-02T07:00:00,notification-service,us-east-1,94.29,0.0053,350.46,29.49,51.69,13.4,0.1401,normal
2026-04-02T07:00:00,notification-service,us-west-2,90.42,0.0028,343.73,37.11,66.36,15.61,0.1668,normal
2026-04-02T07:00:00,notification-service,eu-central-1,88.18,0.0083,368.47,39.23,57.83,33.27,0.2204,normal
2026-04-02T07:00:00,analytics-pipeline,us-east-1,181.07,0.0116,166.71,43.54,42.72,18.81,0.2118,normal
2026-04-02T07:00:00,analytics-pipeline,us-west-2,171.04,0.0032,159.27,50.79,60.87,6.33,0.1965,normal
2026-04-02T07:00:00,analytics-pipeline,eu-central-1,205.13,0.0063,170.75,43.9,50.34,5.55,0.1764,normal
2026-04-02T08:00:00,checkout-api,us-east-1,98.97,0.0135,1211.2,29.84,66.11,18.26,0.1662,normal
2026-04-02T08:00:00,checkout-api,us-west-2,109.05,0.0092,1181.68,34.3,51.88,12.59,0.1624,normal
2026-04-02T08:00:00,checkout-api,eu-central-1,102.02,0.0114,1092.3,54.27,53.74,13.47,0.238,normal
2026-04-02T08:00:00,billing-worker,us-east-1,152.85,0.0107,504.18,33.76,51.26,5.7,0.149,normal
2026-04-02T08:00:00,billing-worker,us-west-2,157.76,0.0132,557.7,45.84,60.24,23.83,0.2329,normal
2026-04-02T08:00:00,billing-worker,eu-central-1,155.62,0.008,520.94,58.58,46.59,7.18,0.2341,normal
2026-04-02T08:00:00,auth-service,us-east-1,69.44,0.0119,1610.75,39.39,62.53,17.63,0.1953,normal
2026-04-02T08:00:00,auth-service,us-west-2,76.73,0.0069,1523.04,41.96,65.62,35.19,0.2313,normal
2026-04-02T08:00:00,auth-service,eu-central-1,64.52,0.0111,1524.64,49.46,65.15,24.01,0.2421,normal
2026-04-02T08:00:00,search-api,us-east-1,100.92,0.0053,874.76,54.86,66.15,10.67,0.2234,normal
2026-04-02T08:00:00,search-api,us-west-2,104.44,0.0116,841.02,48.93,51.35,26.98,0.2473,normal
2026-04-02T08:00:00,search-api,eu-central-1,90.01,0.0061,881.97,40.33,64.86,12.83,0.1784,normal
2026-04-02T08:00:00,notification-service,us-east-1,72.82,0.0173,477.59,47.32,54.38,8.66,0.2144,normal
2026-04-02T08:00:00,notification-service,us-west-2,74.27,0.0112,466.24,33.83,58.0,15.86,0.1709,normal
2026-04-02T08:00:00,notification-service,eu-central-1,83.32,0.0109,482.74,37.09,63.73,26.39,0.2035,normal
2026-04-02T08:00:00,analytics-pipeline,us-east-1,176.06,0.0084,217.06,50.32,54.42,12.96,0.2178,normal
2026-04-02T08:00:00,analytics-pipeline,us-west-2,180.93,0.0057,220.35,39.7,68.03,16.42,0.1828,normal
2026-04-02T08:00:00,analytics-pipeline,eu-central-1,187.32,0.0033,210.4,56.02,55.31,6.13,0.2146,normal
2026-04-02T09:00:00,checkout-api,us-east-1,104.14,0.0113,1064.09,35.2,59.75,10.89,0.1659,normal
2026-04-02T09:00:00,checkout-api,us-west-2,111.46,0.0127,1183.33,38.69,57.69,13.12,0.1851,normal
2026-04-02T09:00:00,checkout-api,eu-central-1,103.94,0.0102,1142.49,49.51,75.53,13.78,0.2199,normal
2026-04-02T09:00:00,billing-worker,us-east-1,148.84,0.0122,528.08,40.16,54.76,25.75,0.2152,normal
2026-04-02T09:00:00,billing-worker,us-west-2,152.0,0.011,492.85,46.88,63.37,16.57,0.2177,normal
2026-04-02T09:00:00,billing-worker,eu-central-1,152.24,0.0174,466.72,46.69,50.08,7.46,0.21,normal
2026-04-02T09:00:00,auth-service,us-east-1,73.64,0.0111,1528.76,32.99,48.27,13.7,0.1635,normal
2026-04-02T09:00:00,auth-service,us-west-2,75.08,0.0058,1416.0,55.57,52.32,16.79,0.2393,normal
2026-04-02T09:00:00,auth-service,eu-central-1,71.82,0.0067,1527.92,39.7,62.19,8.83,0.1691,normal
2026-04-02T09:00:00,search-api,us-east-1,84.07,0.0165,948.2,47.95,65.99,22.29,0.2432,normal
2026-04-02T09:00:00,search-api,us-west-2,95.27,0.003,879.07,49.57,62.59,22.41,0.2247,normal
2026-04-02T09:00:00,search-api,eu-central-1,82.79,0.001,903.73,32.85,59.08,10.08,0.1374,normal
2026-04-02T09:00:00,notification-service,us-east-1,95.42,0.0066,427.44,48.7,60.23,11.03,0.2049,normal
2026-04-02T09:00:00,notification-service,us-west-2,90.41,0.0165,413.51,40.07,50.69,2.94,0.1759,normal
2026-04-02T09:00:00,notification-service,eu-central-1,89.13,0.0117,459.62,45.33,44.32,17.79,0.2161,normal
2026-04-02T09:00:00,analytics-pipeline,us-east-1,170.66,0.0044,219.56,47.94,55.99,33.27,0.2438,normal
2026-04-02T09:00:00,analytics-pipeline,us-west-2,186.58,0.0016,241.7,51.71,58.21,8.58,0.2014,normal
2026-04-02T09:00:00,analytics-pipeline,eu-central-1,204.75,0.0039,230.87,27.18,49.46,4.78,0.1119,normal
2026-04-02T10:00:00,checkout-api,us-east-1,113.9,0.0136,1136.53,31.45,57.59,20.95,0.1774,normal
2026-04-02T10:00:00,checkout-api,us-west-2,92.52,0.0045,1153.31,47.48,58.51,21.5,0.2182,normal
2026-04-02T10:00:00,checkout-api,eu-central-1,94.78,0.001,1176.31,34.85,57.15,15.06,0.1546,normal
2026-04-02T10:00:00,billing-worker,us-east-1,150.44,0.006,547.89,42.24,61.61,22.91,0.2055,normal
2026-04-02T10:00:00,billing-worker,us-west-2,156.74,0.0106,469.36,37.09,70.72,21.69,0.1932,normal
2026-04-02T10:00:00,billing-worker,eu-central-1,151.35,0.0108,496.61,36.7,53.58,27.06,0.2033,normal
2026-04-02T10:00:00,auth-service,us-east-1,77.14,0.016,1561.56,56.79,61.13,8.74,0.2454,normal
2026-04-02T10:00:00,auth-service,us-west-2,85.22,0.0103,1612.49,43.68,55.76,19.33,0.211,normal
2026-04-02T10:00:00,auth-service,eu-central-1,68.41,0.0043,1459.71,37.89,48.7,17.19,0.1755,normal
2026-04-02T10:00:00,search-api,us-east-1,97.27,0.017,1036.08,41.61,64.07,16.28,0.2095,normal
2026-04-02T10:00:00,search-api,us-west-2,97.91,0.0089,926.76,42.59,47.83,21.46,0.2089,normal
2026-04-02T10:00:00,search-api,eu-central-1,92.84,0.0047,935.05,46.35,53.32,21.74,0.2152,normal
2026-04-02T10:00:00,notification-service,us-east-1,88.81,0.0151,416.11,41.13,61.52,29.81,0.2322,normal
2026-04-02T10:00:00,notification-service,us-west-2,86.76,0.012,408.0,37.4,69.45,15.76,0.1847,normal
2026-04-02T10:00:00,notification-service,eu-central-1,99.48,0.0061,433.29,29.43,62.39,20.08,0.1551,normal
2026-04-02T10:00:00,analytics-pipeline,us-east-1,208.65,0.0097,228.98,30.89,57.43,25.47,0.1776,normal
2026-04-02T10:00:00,analytics-pipeline,us-west-2,190.52,0.0138,241.53,41.63,62.18,19.36,0.2102,normal
2026-04-02T10:00:00,analytics-pipeline,eu-central-1,161.06,0.0158,236.02,33.7,60.66,20.28,0.1878,normal
2026-04-02T11:00:00,checkout-api,us-east-1,113.27,0.0147,987.74,46.39,68.59,10.5,0.2103,normal
2026-04-02T11:00:00,checkout-api,us-west-2,89.57,0.0101,1177.94,44.77,50.32,14.3,0.2041,normal
2026-04-02T11:00:00,checkout-api,eu-central-1,106.62,0.0119,1282.66,44.33,53.83,0,0.1767,normal
2026-04-02T11:00:00,billing-worker,us-east-1,157.34,0.0085,509.66,34.17,63.09,3.79,0.1426,normal
2026-04-02T11:00:00,billing-worker,us-west-2,146.25,0.0095,519.89,52.35,57.31,18.75,0.2386,normal
2026-04-02T11:00:00,billing-worker,eu-central-1,154.85,0.0029,505.1,42.54,64.63,11.65,0.1778,normal
2026-04-02T11:00:00,auth-service,us-east-1,79.78,0.0105,1414.34,30.26,48.05,19.11,0.1639,normal
2026-04-02T11:00:00,auth-service,us-west-2,76.23,0.0119,1586.13,37.62,65.43,24.51,0.2032,normal
2026-04-02T11:00:00,auth-service,eu-central-1,77.81,0.0109,1429.17,44.87,50.82,8.53,0.1941,normal
2026-04-02T11:00:00,search-api,us-east-1,92.36,0.0096,949.12,39.37,51.04,19.48,0.1949,normal
2026-04-02T11:00:00,search-api,us-west-2,89.4,0.0034,955.94,53.56,55.18,9.56,0.2131,normal
2026-04-02T11:00:00,search-api,eu-central-1,105.46,0.0158,937.91,40.32,59.47,41.48,0.2544,normal
2026-04-02T11:00:00,notification-service,us-east-1,85.9,0.013,448.73,27.52,50.32,8.19,0.1364,normal
2026-04-02T11:00:00,notification-service,us-west-2,87.93,0.0094,477.68,39.85,60.15,18.6,0.1945,normal
2026-04-02T11:00:00,notification-service,eu-central-1,85.94,0.0182,445.32,53.73,67.05,13.16,0.2478,normal
2026-04-02T11:00:00,analytics-pipeline,us-east-1,189.83,0.0075,233.05,43.26,58.15,14.26,0.194,normal
2026-04-02T11:00:00,analytics-pipeline,us-west-2,202.34,0.0079,239.78,55.39,62.37,26.18,0.2617,normal
2026-04-02T11:00:00,analytics-pipeline,eu-central-1,199.93,0.0133,251.33,30.61,71.67,18.22,0.1684,normal
2026-04-02T12:00:00,checkout-api,us-east-1,90.36,0.0064,1079.73,41.83,47.6,9.97,0.1784,normal
2026-04-02T12:00:00,checkout-api,us-west-2,107.48,0.0096,1113.65,40.13,57.31,18.6,0.1958,normal
2026-04-02T12:00:00,checkout-api,eu-central-1,104.94,0.0081,1208.98,29.18,54.55,19.07,0.1557,normal
2026-04-02T12:00:00,billing-worker,us-east-1,140.36,0.0068,501.4,43.67,66.7,16.52,0.1989,normal
2026-04-02T12:00:00,billing-worker,us-west-2,141.9,0.0104,506.3,26.55,59.88,14.98,0.1423,normal
2026-04-02T12:00:00,billing-worker,eu-central-1,138.37,0.0115,513.51,37.49,42.77,4.25,0.1606,normal
2026-04-02T12:00:00,auth-service,us-east-1,75.08,0.0085,1557.83,43.78,54.65,7.89,0.1847,normal
2026-04-02T12:00:00,auth-service,us-west-2,68.44,0.0084,1438.89,48.04,48.72,3.67,0.1909,normal
2026-04-02T12:00:00,auth-service,eu-central-1,73.84,0.0019,1647.02,34.07,57.64,16.05,0.1555,normal
2026-04-02T12:00:00,search-api,us-east-1,88.77,0.0019,864.52,48.92,65.15,35.3,0.2469,normal
2026-04-02T12:00:00,search-api,us-west-2,83.89,0.0112,950.94,48.76,54.4,23.77,0.2395,normal
2026-04-02T12:00:00,search-api,eu-central-1,101.81,0.0114,1019.29,40.6,68.81,12.4,0.188,normal
2026-04-02T12:00:00,notification-service,us-east-1,96.34,0.001,439.49,35.6,58.01,26.25,0.1801,normal
2026-04-02T12:00:00,notification-service,us-west-2,89.88,0.0094,475.96,30.19,52.3,30.08,0.1841,normal
2026-04-02T12:00:00,notification-service,eu-central-1,87.23,0.001,446.56,32.53,68.34,27.15,0.1712,normal
2026-04-02T12:00:00,analytics-pipeline,us-east-1,172.12,0.0142,222.3,49.36,62.05,16.98,0.233,normal
2026-04-02T12:00:00,analytics-pipeline,us-west-2,159.53,0.0079,205.7,37.49,45.05,27.72,0.2021,normal
2026-04-02T12:00:00,analytics-pipeline,eu-central-1,166.08,0.001,238.46,44.95,54.45,34.94,0.2306,normal
2026-04-02T13:00:00,checkout-api,us-east-1,111.5,0.0093,1122.24,18.35,61.36,25.68,0.1335,normal
2026-04-02T13:00:00,checkout-api,us-west-2,100.03,0.0033,1156.62,28.62,58.05,24.17,0.1556,normal
2026-04-02T13:00:00,checkout-api,eu-central-1,117.68,0.0101,1170.2,48.0,67.8,15.45,0.2177,normal
2026-04-02T13:00:00,billing-worker,us-east-1,130.75,0.0058,480.68,34.89,57.15,20.74,0.175,normal
2026-04-02T13:00:00,billing-worker,us-west-2,146.81,0.0093,503.4,45.39,64.2,24.08,0.2248,normal
2026-04-02T13:00:00,billing-worker,eu-central-1,162.37,0.0078,506.06,55.56,59.41,21.3,0.2521,normal
2026-04-02T13:00:00,auth-service,us-east-1,72.98,0.0129,1494.81,33.94,57.58,14.46,0.1715,normal
2026-04-02T13:00:00,auth-service,us-west-2,80.0,0.0075,1534.26,40.26,60.38,12.96,0.1809,normal
2026-04-02T13:00:00,auth-service,eu-central-1,81.63,0.0033,1496.1,36.33,62.53,18.32,0.1706,normal
2026-04-02T13:00:00,search-api,us-east-1,98.69,0.0077,918.0,33.04,55.66,13.72,0.1575,normal
2026-04-02T13:00:00,search-api,us-west-2,97.13,0.0104,997.32,41.15,52.76,9.51,0.1822,normal
2026-04-02T13:00:00,search-api,eu-central-1,95.47,0.0104,1042.78,43.46,70.3,32.99,0.2384,normal
2026-04-02T13:00:00,notification-service,us-east-1,77.87,0.0138,463.75,52.76,57.93,25.64,0.262,normal
2026-04-02T13:00:00,notification-service,us-west-2,81.73,0.0087,439.61,56.26,56.49,25.64,0.2651,normal
2026-04-02T13:00:00,notification-service,eu-central-1,85.45,0.0062,444.44,47.28,53.02,23.07,0.2238,normal
2026-04-02T13:00:00,analytics-pipeline,us-east-1,169.74,0.0055,234.31,40.12,51.12,4.96,0.1605,normal
2026-04-02T13:00:00,analytics-pipeline,us-west-2,180.34,0.01,226.56,43.5,47.31,21.14,0.2134,normal
2026-04-02T13:00:00,analytics-pipeline,eu-central-1,185.99,0.0101,224.81,42.63,58.91,26.56,0.2217,normal
2026-04-02T14:00:00,checkout-api,us-east-1,107.32,0.01,1117.76,48.9,66.21,14.05,0.2179,normal
2026-04-02T14:00:00,checkout-api,us-west-2,110.37,0.0102,1156.34,31.71,70.3,3.08,0.1357,normal
2026-04-02T14:00:00,checkout-api,eu-central-1,107.54,0.0075,1224.23,38.62,58.28,22.88,0.1955,normal
2026-04-02T14:00:00,billing-worker,us-east-1,150.29,0.0069,529.55,45.13,64.91,13.92,0.1989,normal
2026-04-02T14:00:00,billing-worker,us-west-2,144.47,0.0074,491.31,44.04,60.86,29.34,0.2275,normal
2026-04-02T14:00:00,billing-worker,eu-central-1,141.23,0.0105,541.14,41.09,58.44,19.07,0.2018,normal
2026-04-02T14:00:00,auth-service,us-east-1,70.87,0.0051,1608.55,43.38,57.48,8.09,0.1775,normal
2026-04-02T14:00:00,auth-service,us-west-2,75.7,0.0137,1438.97,34.89,65.74,29.41,0.2069,normal
2026-04-02T14:00:00,auth-service,eu-central-1,84.28,0.0068,1569.84,36.02,61.63,15.09,0.1692,normal
2026-04-02T14:00:00,search-api,us-east-1,96.48,0.0143,967.37,40.08,58.39,20.12,0.2073,normal
2026-04-02T14:00:00,search-api,us-west-2,91.12,0.0098,979.55,54.41,43.64,8.53,0.2256,normal
2026-04-02T14:00:00,search-api,eu-central-1,85.65,0.0125,1065.19,43.54,58.84,27.06,0.2302,normal
2026-04-02T14:00:00,notification-service,us-east-1,68.49,0.0083,372.29,43.23,54.46,14.14,0.1952,normal
2026-04-02T14:00:00,notification-service,us-west-2,87.3,0.0067,463.06,41.98,60.65,38.17,0.237,normal
2026-04-02T14:00:00,notification-service,eu-central-1,81.97,0.0127,421.46,51.91,64.7,19.11,0.2436,normal
2026-04-02T14:00:00,analytics-pipeline,us-east-1,194.18,0.0154,247.39,42.01,57.62,26.79,0.2295,normal
2026-04-02T14:00:00,analytics-pipeline,us-west-2,158.98,0.0066,237.28,46.52,70.92,31.96,0.2401,normal
2026-04-02T14:00:00,analytics-pipeline,eu-central-1,184.63,0.0108,216.9,40.53,59.81,16.21,0.1944,normal
2026-04-02T15:00:00,checkout-api,us-east-1,105.5,0.0114,1105.27,37.5,45.68,27.07,0.2072,normal
2026-04-02T15:00:00,checkout-api,us-west-2,96.22,0.0023,1202.47,40.31,64.69,15.08,0.176,normal
2026-04-02T15:00:00,checkout-api,eu-central-1,122.67,0.0118,1167.5,42.91,56.57,24.4,0.2214,normal
2026-04-02T15:00:00,billing-worker,us-east-1,167.95,0.0073,485.28,46.73,65.39,6.2,0.1894,normal
2026-04-02T15:00:00,billing-worker,us-west-2,137.07,0.0051,526.4,46.0,52.92,9.09,0.1887,normal
2026-04-02T15:00:00,billing-worker,eu-central-1,152.83,0.001,528.43,40.77,71.27,25.85,0.1974,normal
2026-04-02T15:00:00,auth-service,us-east-1,71.57,0.0079,1504.49,36.25,58.56,25.61,0.1935,normal
2026-04-02T15:00:00,auth-service,us-west-2,66.08,0.0081,1635.44,47.86,52.38,11.64,0.2059,normal
2026-04-02T15:00:00,auth-service,eu-central-1,69.94,0.0027,1610.03,42.55,53.19,6.69,0.1674,normal
2026-04-02T15:00:00,search-api,us-east-1,92.12,0.007,1030.96,38.38,58.8,26.44,0.201,normal
2026-04-02T15:00:00,search-api,us-west-2,100.0,0.0083,851.07,53.04,62.12,14.58,0.2304,normal
2026-04-02T15:00:00,search-api,eu-central-1,94.34,0.0052,910.23,30.32,61.46,22.08,0.1607,normal
2026-04-02T15:00:00,notification-service,us-east-1,86.17,0.0121,450.59,42.96,51.92,22.65,0.2184,normal
2026-04-02T15:00:00,notification-service,us-west-2,92.93,0.0115,465.7,38.28,51.26,27.84,0.2116,normal
2026-04-02T15:00:00,notification-service,eu-central-1,81.1,0.01,435.15,42.17,56.14,13.76,0.1937,normal
2026-04-02T15:00:00,analytics-pipeline,us-east-1,154.79,0.0165,234.08,26.88,51.77,9.16,0.1425,normal
2026-04-02T15:00:00,analytics-pipeline,us-west-2,169.51,0.001,238.23,54.87,56.31,23.84,0.2426,normal
2026-04-02T15:00:00,analytics-pipeline,eu-central-1,188.49,0.0041,245.43,28.78,54.05,15.18,0.1392,normal
2026-04-02T16:00:00,checkout-api,us-east-1,115.35,0.0095,1152.06,35.69,58.62,18.33,0.1795,normal
2026-04-02T16:00:00,checkout-api,us-west-2,111.01,0.0145,1200.2,42.14,56.95,30.55,0.236,normal
2026-04-02T16:00:00,checkout-api,eu-central-1,106.65,0.0089,1259.28,54.29,61.9,17.15,0.2412,normal
2026-04-02T16:00:00,billing-worker,us-east-1,137.79,0.0132,501.22,49.52,52.63,18.82,0.2355,normal
2026-04-02T16:00:00,billing-worker,us-west-2,149.57,0.0096,518.17,44.99,50.31,9.31,0.1937,normal
2026-04-02T16:00:00,billing-worker,eu-central-1,143.33,0.0161,509.34,34.75,53.48,18.27,0.1879,normal
2026-04-02T16:00:00,auth-service,us-east-1,81.94,0.0068,1566.13,43.46,55.56,10.62,0.1861,normal
2026-04-02T16:00:00,auth-service,us-west-2,74.11,0.0062,1564.41,28.23,65.72,23.93,0.1589,normal
2026-04-02T16:00:00,auth-service,eu-central-1,78.39,0.0149,1569.19,28.65,58.36,21.52,0.171,normal
2026-04-02T16:00:00,search-api,us-east-1,89.93,0.0046,971.38,46.0,55.09,16.11,0.2022,normal
2026-04-02T16:00:00,search-api,us-west-2,91.24,0.0068,948.97,50.38,47.0,15.34,0.2199,normal
2026-04-02T16:00:00,search-api,eu-central-1,106.97,0.0102,958.64,48.52,51.15,8.56,0.2058,normal
2026-04-02T16:00:00,notification-service,us-east-1,73.99,0.0033,444.44,48.63,55.16,12.7,0.2021,normal
2026-04-02T16:00:00,notification-service,us-west-2,87.68,0.0114,444.6,27.15,54.28,0,0.1155,normal
2026-04-02T16:00:00,notification-service,eu-central-1,86.61,0.0057,425.4,53.72,67.02,21.76,0.2428,normal
2026-04-02T16:00:00,analytics-pipeline,us-east-1,183.87,0.0097,225.3,41.6,71.04,11.18,0.1859,normal
2026-04-02T16:00:00,analytics-pipeline,us-west-2,170.72,0.0096,241.7,48.49,51.41,16.99,0.2218,normal
2026-04-02T16:00:00,analytics-pipeline,eu-central-1,176.29,0.0042,232.66,38.26,64.27,21.37,0.1852,normal
2026-04-02T17:00:00,checkout-api,us-east-1,98.62,0.0093,1139.22,37.06,54.69,26.28,0.2002,normal
2026-04-02T17:00:00,checkout-api,us-west-2,101.62,0.0023,1116.07,48.28,72.66,9.8,0.1932,normal
2026-04-02T17:00:00,checkout-api,eu-central-1,102.1,0.0077,1080.99,45.13,57.65,20.17,0.2131,normal
2026-04-02T17:00:00,billing-worker,us-east-1,170.26,0.008,531.85,48.49,53.67,13.4,0.2115,normal
2026-04-02T17:00:00,billing-worker,us-west-2,162.57,0.0118,515.92,33.49,64.01,22.11,0.1837,normal
2026-04-02T17:00:00,billing-worker,eu-central-1,169.79,0.0147,532.11,44.09,58.42,13.72,0.2089,normal
2026-04-02T17:00:00,auth-service,us-east-1,76.8,0.01,1572.54,50.45,60.12,13.78,0.2227,normal
2026-04-02T17:00:00,auth-service,us-west-2,79.71,0.015,1464.15,45.27,61.73,22.17,0.2309,normal
2026-04-02T17:00:00,auth-service,eu-central-1,77.95,0.0086,1517.6,55.12,69.79,7.1,0.223,normal
2026-04-02T17:00:00,search-api,us-east-1,76.25,0.0107,920.94,37.98,47.16,20.75,0.1947,normal
2026-04-02T17:00:00,search-api,us-west-2,94.6,0.0069,992.49,60.91,68.04,27.13,0.2811,normal
2026-04-02T17:00:00,search-api,eu-central-1,91.96,0.0116,949.89,51.0,61.96,17.73,0.2356,normal
2026-04-02T17:00:00,notification-service,us-east-1,88.65,0.0062,455.84,53.7,55.54,22.33,0.2448,normal
2026-04-02T17:00:00,notification-service,us-west-2,74.0,0.0126,457.62,34.07,69.86,18.89,0.1806,normal
2026-04-02T17:00:00,notification-service,eu-central-1,73.57,0.0037,457.56,39.89,65.51,5.95,0.1584,normal
2026-04-02T17:00:00,analytics-pipeline,us-east-1,178.62,0.0128,224.3,47.29,55.56,20.68,0.2308,normal
2026-04-02T17:00:00,analytics-pipeline,us-west-2,184.52,0.0177,218.09,48.06,66.93,9.27,0.219,normal
2026-04-02T17:00:00,analytics-pipeline,eu-central-1,181.14,0.018,243.43,18.95,56.39,4.71,0.1083,normal
2026-04-02T18:00:00,checkout-api,us-east-1,107.48,0.0062,1127.91,35.5,60.0,14.38,0.1648,normal
2026-04-02T18:00:00,checkout-api,us-west-2,97.62,0.0081,1181.52,35.35,65.56,5.1,0.1488,normal
2026-04-02T18:00:00,checkout-api,eu-central-1,108.33,0.0075,1246.13,37.0,53.49,7.57,0.1585,normal
2026-04-02T18:00:00,billing-worker,us-east-1,167.38,0.0114,485.85,39.39,51.49,29.84,0.2194,normal
2026-04-02T18:00:00,billing-worker,us-west-2,149.71,0.0011,517.54,49.11,58.01,21.68,0.2182,normal
2026-04-02T18:00:00,billing-worker,eu-central-1,143.76,0.0098,517.62,36.5,60.37,19.29,0.1849,normal
2026-04-02T18:00:00,auth-service,us-east-1,74.78,0.0063,1451.11,43.91,63.62,0,0.1651,normal
2026-04-02T18:00:00,auth-service,us-west-2,71.88,0.0143,1591.74,36.46,67.2,10.33,0.1744,normal
2026-04-02T18:00:00,auth-service,eu-central-1,70.4,0.0165,1493.21,40.32,46.78,10.14,0.1916,normal
2026-04-02T18:00:00,search-api,us-east-1,86.32,0.0085,868.14,50.27,55.58,13.29,0.2184,normal
2026-04-02T18:00:00,search-api,us-west-2,90.31,0.0119,1021.39,38.83,68.98,30.53,0.2198,normal
2026-04-02T18:00:00,search-api,eu-central-1,104.92,0.0102,883.81,47.24,55.22,19.51,0.2236,normal
2026-04-02T18:00:00,notification-service,us-east-1,72.54,0.0079,444.11,34.71,60.0,31.02,0.1992,normal
2026-04-02T18:00:00,notification-service,us-west-2,86.53,0.0063,489.31,25.24,51.74,21.18,0.1431,normal
2026-04-02T18:00:00,notification-service,eu-central-1,81.09,0.001,444.67,48.47,52.59,29.42,0.2316,normal
2026-04-02T18:00:00,analytics-pipeline,us-east-1,187.01,0.0136,214.86,41.98,68.9,33.7,0.2404,normal
2026-04-02T18:00:00,analytics-pipeline,us-west-2,198.48,0.009,233.83,37.11,65.49,12.58,0.1718,normal
2026-04-02T18:00:00,analytics-pipeline,eu-central-1,181.73,0.001,215.09,55.87,58.4,19.68,0.2376,normal
2026-04-02T19:00:00,checkout-api,us-east-1,87.03,0.0089,989.06,30.34,41.78,16.74,0.1564,normal
2026-04-02T19:00:00,checkout-api,us-west-2,100.65,0.0082,804.13,31.42,49.56,23.0,0.1717,normal
2026-04-02T19:00:00,checkout-api,eu-central-1,104.61,0.0122,814.01,46.61,54.98,18.7,0.2234,normal
2026-04-02T19:00:00,billing-worker,us-east-1,155.57,0.0091,377.76,29.0,58.44,24.13,0.1673,normal
2026-04-02T19:00:00,billing-worker,us-west-2,137.83,0.0087,342.85,31.56,60.76,28.14,0.1838,normal
2026-04-02T19:00:00,billing-worker,eu-central-1,141.48,0.0025,377.04,29.76,56.11,33.12,0.1763,normal
2026-04-02T19:00:00,auth-service,us-east-1,76.76,0.0084,1226.15,39.03,60.28,19.57,0.1917,normal
2026-04-02T19:00:00,auth-service,us-west-2,77.62,0.0032,1202.22,48.92,42.34,0,0.177,normal
2026-04-02T19:00:00,auth-service,eu-central-1,69.73,0.0149,1151.53,47.32,61.81,24.97,0.2435,normal
2026-04-02T19:00:00,search-api,us-east-1,90.24,0.0067,734.87,46.78,61.95,20.67,0.2181,normal
2026-04-02T19:00:00,search-api,us-west-2,91.38,0.0133,739.28,50.36,40.52,25.94,0.2533,normal
2026-04-02T19:00:00,search-api,eu-central-1,76.77,0.0098,687.01,42.95,54.72,15.56,0.1998,normal
2026-04-02T19:00:00,notification-service,us-east-1,86.29,0.0104,314.22,22.07,52.62,22.27,0.1415,normal
2026-04-02T19:00:00,notification-service,us-west-2,79.35,0.0107,323.36,34.57,66.06,31.07,0.2038,normal
2026-04-02T19:00:00,notification-service,eu-central-1,84.31,0.0088,351.61,31.53,51.98,26.94,0.1813,normal
2026-04-02T19:00:00,analytics-pipeline,us-east-1,192.8,0.0071,166.05,44.77,48.27,14.06,0.1981,normal
2026-04-02T19:00:00,analytics-pipeline,us-west-2,176.7,0.001,181.45,48.04,65.38,6.63,0.1835,normal
2026-04-02T19:00:00,analytics-pipeline,eu-central-1,161.72,0.0058,160.09,58.26,51.23,15.52,0.246,normal
2026-04-02T20:00:00,checkout-api,us-east-1,106.71,0.0108,955.85,33.38,64.1,19.18,0.1755,normal
2026-04-02T20:00:00,checkout-api,us-west-2,95.25,0.0096,794.83,54.85,52.94,25.98,0.2624,normal
2026-04-02T20:00:00,checkout-api,eu-central-1,115.83,0.0065,823.28,43.04,50.72,25.14,0.2139,normal
2026-04-02T20:00:00,billing-worker,us-east-1,147.02,0.006,369.26,47.76,47.93,31.42,0.2422,normal
2026-04-02T20:00:00,billing-worker,us-west-2,135.96,0.0082,363.26,54.91,63.73,28.35,0.2649,normal
2026-04-02T20:00:00,billing-worker,eu-central-1,152.53,0.0094,428.86,47.29,61.04,22.59,0.2285,normal
2026-04-02T20:00:00,auth-service,us-east-1,79.39,0.0101,1137.55,29.3,72.34,7.65,0.1364,normal
2026-04-02T20:00:00,auth-service,us-west-2,62.14,0.0062,1294.4,51.72,53.8,20.11,0.2332,normal
2026-04-02T20:00:00,auth-service,eu-central-1,74.85,0.0011,1125.01,44.33,66.18,8.41,0.1743,normal
2026-04-02T20:00:00,search-api,us-east-1,77.9,0.0027,733.03,42.64,59.04,19.18,0.1934,normal
2026-04-02T20:00:00,search-api,us-west-2,92.22,0.0036,738.78,45.09,62.04,27.95,0.2214,normal
2026-04-02T20:00:00,search-api,eu-central-1,85.6,0.001,634.27,59.08,51.61,21.19,0.2519,normal
2026-04-02T20:00:00,notification-service,us-east-1,84.9,0.0119,400.48,37.87,56.81,13.23,0.181,normal
2026-04-02T20:00:00,notification-service,us-west-2,86.67,0.0111,310.26,52.53,66.02,21.56,0.2479,normal
2026-04-02T20:00:00,notification-service,eu-central-1,84.25,0.0081,295.71,47.25,51.18,13.99,0.2085,normal
2026-04-02T20:00:00,analytics-pipeline,us-east-1,194.34,0.0053,168.85,48.86,71.0,12.48,0.2061,normal
2026-04-02T20:00:00,analytics-pipeline,us-west-2,195.89,0.0064,179.22,45.87,50.03,26.2,0.2256,normal
2026-04-02T20:00:00,analytics-pipeline,eu-central-1,205.91,0.0092,177.87,32.62,70.51,18.5,0.1686,normal
2026-04-02T21:00:00,checkout-api,us-east-1,94.28,0.0121,790.7,36.51,43.08,29.0,0.2088,normal
2026-04-02T21:00:00,checkout-api,us-west-2,123.57,0.0065,836.75,37.38,54.04,22.43,0.1883,normal
2026-04-02T21:00:00,checkout-api,eu-central-1,117.25,0.005,899.1,27.58,68.67,17.29,0.1408,normal
2026-04-02T21:00:00,billing-worker,us-east-1,136.88,0.0151,383.73,52.96,65.52,31.26,0.2765,normal
2026-04-02T21:00:00,billing-worker,us-west-2,135.72,0.0092,395.68,40.45,68.66,12.29,0.1833,normal
2026-04-02T21:00:00,billing-worker,eu-central-1,156.63,0.0145,337.18,34.24,51.67,13.63,0.1738,normal
2026-04-02T21:00:00,auth-service,us-east-1,77.34,0.0083,1155.92,38.33,57.43,21.88,0.1938,normal
2026-04-02T21:00:00,auth-service,us-west-2,79.47,0.0059,1141.46,35.91,56.75,6.52,0.1496,normal
2026-04-02T21:00:00,auth-service,eu-central-1,80.73,0.0117,1140.82,36.53,54.8,12.68,0.1748,normal
2026-04-02T21:00:00,search-api,us-east-1,83.27,0.0155,871.56,32.16,49.83,22.63,0.1868,normal
2026-04-02T21:00:00,search-api,us-west-2,99.6,0.0027,627.7,46.34,44.06,29.38,0.2272,normal
2026-04-02T21:00:00,search-api,eu-central-1,91.24,0.0093,717.45,37.52,57.01,15.6,0.1801,normal
2026-04-02T21:00:00,notification-service,us-east-1,93.46,0.0086,330.51,37.77,53.56,12.11,0.1725,normal
2026-04-02T21:00:00,notification-service,us-west-2,85.07,0.0163,355.29,43.89,69.68,26.11,0.2365,normal
2026-04-02T21:00:00,notification-service,eu-central-1,86.41,0.0083,307.5,43.99,55.79,5.32,0.1799,normal
2026-04-02T21:00:00,analytics-pipeline,us-east-1,161.5,0.0167,177.24,45.98,59.4,14.28,0.2203,normal
2026-04-02T21:00:00,analytics-pipeline,us-west-2,186.64,0.0133,171.28,46.1,65.18,14.13,0.2143,normal
2026-04-02T21:00:00,analytics-pipeline,eu-central-1,182.44,0.006,181.68,39.05,66.02,11.89,0.1719,normal
2026-04-02T22:00:00,checkout-api,us-east-1,119.19,0.0078,826.12,34.77,62.64,11.15,0.1585,normal
2026-04-02T22:00:00,checkout-api,us-west-2,120.16,0.0141,903.53,30.62,57.83,12.19,0.1575,normal
2026-04-02T22:00:00,checkout-api,eu-central-1,89.78,0.0107,999.49,37.71,63.66,28.27,0.2091,normal
2026-04-02T22:00:00,billing-worker,us-east-1,133.85,0.0076,393.16,45.78,49.98,19.73,0.2143,normal
2026-04-02T22:00:00,billing-worker,us-west-2,143.76,0.0128,346.15,37.49,54.48,15.47,0.1859,normal
2026-04-02T22:00:00,billing-worker,eu-central-1,153.38,0.0065,455.4,36.34,63.88,26.16,0.1924,normal
2026-04-02T22:00:00,auth-service,us-east-1,80.79,0.0082,1087.78,39.96,62.66,18.97,0.1934,normal
2026-04-02T22:00:00,auth-service,us-west-2,78.49,0.0113,1083.71,34.52,68.09,14.11,0.17,normal
2026-04-02T22:00:00,auth-service,eu-central-1,65.49,0.0164,1087.48,34.53,64.77,8.95,0.1687,normal
2026-04-02T22:00:00,search-api,us-east-1,88.38,0.0132,679.23,62.07,58.68,39.48,0.3217,normal
2026-04-02T22:00:00,search-api,us-west-2,95.98,0.0092,687.59,40.22,54.49,17.81,0.1938,normal
2026-04-02T22:00:00,search-api,eu-central-1,100.87,0.0039,674.64,25.25,68.53,17.4,0.131,normal
2026-04-02T22:00:00,notification-service,us-east-1,84.91,0.0088,352.9,44.57,63.95,16.66,0.2059,normal
2026-04-02T22:00:00,notification-service,us-west-2,84.18,0.0088,290.97,50.72,46.96,10.04,0.2139,normal
2026-04-02T22:00:00,notification-service,eu-central-1,89.56,0.0092,348.76,55.65,71.03,29.06,0.2708,normal
2026-04-02T22:00:00,analytics-pipeline,us-east-1,176.75,0.0172,164.77,41.31,64.98,16.29,0.2089,normal
2026-04-02T22:00:00,analytics-pipeline,us-west-2,178.26,0.0076,190.36,22.26,66.91,26.48,0.1457,normal
2026-04-02T22:00:00,analytics-pipeline,eu-central-1,178.96,0.0112,163.76,50.87,79.42,10.64,0.2201,normal
2026-04-02T23:00:00,checkout-api,us-east-1,116.73,0.0088,854.73,38.1,56.67,7.99,0.1655,normal
2026-04-02T23:00:00,checkout-api,us-west-2,93.6,0.0156,873.0,46.42,60.17,21.81,0.2353,normal
2026-04-02T23:00:00,checkout-api,eu-central-1,92.18,0.0052,910.09,49.99,49.99,13.38,0.2117,normal
2026-04-02T23:00:00,billing-worker,us-east-1,132.6,0.0116,395.08,42.26,53.45,20.75,0.2113,normal
2026-04-02T23:00:00,billing-worker,us-west-2,145.37,0.006,394.8,36.68,64.66,23.01,0.1863,normal
2026-04-02T23:00:00,billing-worker,eu-central-1,137.02,0.0113,388.09,36.35,51.6,4.7,0.1573,normal
2026-04-02T23:00:00,auth-service,us-east-1,68.22,0.0104,1240.56,36.97,59.12,20.75,0.1906,normal
2026-04-02T23:00:00,auth-service,us-west-2,79.68,0.0108,1242.03,48.13,52.67,21.17,0.2312,normal
2026-04-02T23:00:00,auth-service,eu-central-1,60.95,0.0083,1151.53,46.64,55.89,24.66,0.2286,normal
2026-04-02T23:00:00,search-api,us-east-1,105.04,0.0056,692.18,44.08,61.43,19.15,0.2036,normal
2026-04-02T23:00:00,search-api,us-west-2,101.32,0.0043,753.91,51.33,65.77,21.41,0.2311,normal
2026-04-02T23:00:00,search-api,eu-central-1,93.19,0.0106,714.1,29.31,53.76,17.68,0.1578,normal
2026-04-02T23:00:00,notification-service,us-east-1,81.49,0.0053,326.19,39.03,58.48,17.61,0.1821,normal
2026-04-02T23:00:00,notification-service,us-west-2,86.17,0.013,334.15,45.25,49.44,0,0.1817,normal
2026-04-02T23:00:00,notification-service,eu-central-1,82.28,0.0117,323.87,37.01,49.32,25.13,0.202,normal
2026-04-02T23:00:00,analytics-pipeline,us-east-1,172.4,0.01,187.69,46.29,73.7,16.94,0.2146,normal
2026-04-02T23:00:00,analytics-pipeline,us-west-2,193.77,0.0118,167.33,42.38,54.05,9.8,0.1896,normal
2026-04-02T23:00:00,analytics-pipeline,eu-central-1,184.32,0.0059,193.95,36.07,54.19,18.73,0.1752,normal
2026-04-03T00:00:00,checkout-api,us-east-1,100.64,0.0092,839.36,30.62,41.11,7.68,0.1395,normal
2026-04-03T00:00:00,checkout-api,us-west-2,117.78,0.0108,882.77,38.28,56.98,20.39,0.1951,normal
2026-04-03T00:00:00,checkout-api,eu-central-1,93.33,0.0058,823.24,52.07,50.6,27.38,0.2487,normal
2026-04-03T00:00:00,billing-worker,us-east-1,139.6,0.0199,384.42,42.26,67.46,25.0,0.2349,normal
2026-04-03T00:00:00,billing-worker,us-west-2,155.9,0.0047,415.02,55.44,57.28,14.13,0.2314,normal
2026-04-03T00:00:00,billing-worker,eu-central-1,132.34,0.0131,393.81,42.05,49.35,30.97,0.2341,normal
2026-04-03T00:00:00,auth-service,us-east-1,80.25,0.0089,1260.72,34.39,64.17,10.01,0.1569,normal
2026-04-03T00:00:00,auth-service,us-west-2,83.47,0.0079,1241.73,38.67,60.79,27.13,0.2051,normal
2026-04-03T00:00:00,auth-service,eu-central-1,69.59,0.0094,1087.13,48.82,53.77,15.02,0.2185,normal
2026-04-03T00:00:00,search-api,us-east-1,93.46,0.0137,668.86,41.8,55.7,13.6,0.1987,normal
2026-04-03T00:00:00,search-api,us-west-2,89.02,0.0084,726.77,29.62,59.64,8.53,0.1362,normal
2026-04-03T00:00:00,search-api,eu-central-1,95.11,0.0181,672.32,41.47,56.22,25.85,0.2306,normal
2026-04-03T00:00:00,notification-service,us-east-1,81.77,0.0019,296.4,43.42,59.77,26.54,0.2096,normal
2026-04-03T00:00:00,notification-service,us-west-2,81.35,0.0117,308.21,52.36,57.5,12.58,0.23,normal
2026-04-03T00:00:00,notification-service,eu-central-1,86.21,0.016,312.9,32.08,50.89,8.76,0.1589,normal
2026-04-03T00:00:00,analytics-pipeline,us-east-1,179.27,0.0104,172.93,43.58,66.3,15.69,0.2033,normal
2026-04-03T00:00:00,analytics-pipeline,us-west-2,161.96,0.001,177.56,36.56,56.26,21.28,0.1733,normal
2026-04-03T00:00:00,analytics-pipeline,eu-central-1,186.66,0.0027,163.89,42.59,56.99,27.17,0.2096,normal
2026-04-03T01:00:00,checkout-api,us-east-1,100.79,0.001,940.7,28.91,51.21,21.12,0.1462,normal
2026-04-03T01:00:00,checkout-api,us-west-2,96.1,0.019,887.58,46.28,54.95,35.73,0.2692,normal
2026-04-03T01:00:00,checkout-api,eu-central-1,109.54,0.0061,945.52,28.49,53.9,20.31,0.1523,normal
2026-04-03T01:00:00,billing-worker,us-east-1,146.6,0.0052,426.22,53.77,51.46,20.99,0.2404,normal
2026-04-03T01:00:00,billing-worker,us-west-2,137.64,0.0073,411.26,43.01,57.24,18.82,0.2021,normal
2026-04-03T01:00:00,billing-worker,eu-central-1,131.4,0.0139,367.47,52.47,54.79,14.35,0.238,normal
2026-04-03T01:00:00,auth-service,us-east-1,83.91,0.0098,1102.05,37.71,62.24,32.97,0.217,normal
2026-04-03T01:00:00,auth-service,us-west-2,78.68,0.0074,1065.9,36.62,57.17,19.96,0.1824,normal
2026-04-03T01:00:00,auth-service,eu-central-1,71.07,0.0141,1078.17,36.29,61.48,21.85,0.1971,normal
2026-04-03T01:00:00,search-api,us-east-1,92.04,0.0128,651.7,55.07,73.31,33.62,0.2846,normal
2026-04-03T01:00:00,search-api,us-west-2,95.9,0.0169,720.11,52.63,56.6,19.55,0.2546,normal
2026-04-03T01:00:00,search-api,eu-central-1,98.98,0.002,707.86,55.74,37.55,21.08,0.2418,normal
2026-04-03T01:00:00,notification-service,us-east-1,91.27,0.0103,335.4,53.1,60.35,2.86,0.2103,normal
2026-04-03T01:00:00,notification-service,us-west-2,78.58,0.0078,334.32,38.42,57.27,31.35,0.2127,normal
2026-04-03T01:00:00,notification-service,eu-central-1,65.06,0.0136,351.43,46.82,58.11,18.51,0.2262,normal
2026-04-03T01:00:00,analytics-pipeline,us-east-1,185.23,0.01,166.55,48.25,52.22,17.68,0.223,normal
2026-04-03T01:00:00,analytics-pipeline,us-west-2,174.84,0.0044,181.7,41.44,49.85,17.38,0.1885,normal
2026-04-03T01:00:00,analytics-pipeline,eu-central-1,160.17,0.0147,180.68,57.87,54.03,23.64,0.2774,normal
2026-04-03T02:00:00,checkout-api,us-east-1,96.88,0.0056,868.93,45.28,64.46,15.87,0.201,normal
2026-04-03T02:00:00,checkout-api,us-west-2,114.24,0.0129,824.24,40.58,51.6,31.61,0.2298,normal
2026-04-03T02:00:00,checkout-api,eu-central-1,100.39,0.0125,925.97,39.97,54.6,20.75,0.2049,normal
2026-04-03T02:00:00,billing-worker,us-east-1,136.04,0.004,362.13,44.7,59.34,32.05,0.2291,normal
2026-04-03T02:00:00,billing-worker,us-west-2,123.88,0.011,357.43,51.2,62.85,19.01,0.2379,normal
2026-04-03T02:00:00,billing-worker,eu-central-1,162.03,0.0075,373.1,33.62,53.43,18.92,0.1699,normal
2026-04-03T02:00:00,auth-service,us-east-1,79.02,0.0141,1129.95,36.19,55.67,14.59,0.1819,normal
2026-04-03T02:00:00,auth-service,us-west-2,72.21,0.0074,1085.0,41.58,54.43,16.66,0.1929,normal
2026-04-03T02:00:00,auth-service,eu-central-1,66.74,0.0096,1192.69,47.15,54.18,8.94,0.2005,normal
2026-04-03T02:00:00,search-api,us-east-1,85.17,0.0043,687.71,39.54,45.67,23.32,0.1939,normal
2026-04-03T02:00:00,search-api,us-west-2,83.39,0.0063,684.07,48.58,70.78,15.2,0.2124,normal
2026-04-03T02:00:00,search-api,eu-central-1,92.93,0.0074,708.32,40.66,75.13,9.37,0.1749,normal
2026-04-03T02:00:00,notification-service,us-east-1,84.26,0.0059,338.84,37.88,61.99,9.44,0.1625,normal
2026-04-03T02:00:00,notification-service,us-west-2,99.23,0.0098,293.38,47.54,54.74,8.86,0.2022,normal
2026-04-03T02:00:00,notification-service,eu-central-1,87.97,0.007,346.99,37.67,64.26,19.18,0.1836,normal
2026-04-03T02:00:00,analytics-pipeline,us-east-1,185.1,0.0096,170.69,39.14,61.13,23.61,0.2026,normal
2026-04-03T02:00:00,analytics-pipeline,us-west-2,174.18,0.0178,193.88,32.95,65.52,17.45,0.1831,normal
2026-04-03T02:00:00,analytics-pipeline,eu-central-1,183.32,0.0059,193.42,35.5,57.44,12.29,0.16,normal
2026-04-03T03:00:00,checkout-api,us-east-1,121.05,0.014,799.71,38.45,60.52,14.6,0.1896,normal
2026-04-03T03:00:00,checkout-api,us-west-2,102.06,0.0048,888.13,33.4,63.76,36.91,0.201,normal
2026-04-03T03:00:00,checkout-api,eu-central-1,102.3,0.0155,895.01,36.73,55.62,10.44,0.1778,normal
2026-04-03T03:00:00,billing-worker,us-east-1,146.32,0.0118,409.55,39.82,49.76,17.42,0.1962,normal
2026-04-03T03:00:00,billing-worker,us-west-2,164.14,0.0101,384.83,25.66,55.01,22.3,0.1536,normal
2026-04-03T03:00:00,billing-worker,eu-central-1,134.18,0.0143,372.34,35.16,54.0,17.29,0.1842,normal
2026-04-03T03:00:00,auth-service,us-east-1,80.91,0.0068,1018.22,41.4,61.61,30.13,0.2187,normal
2026-04-03T03:00:00,auth-service,us-west-2,68.37,0.0148,1199.99,45.59,52.71,11.09,0.209,normal
2026-04-03T03:00:00,auth-service,eu-central-1,69.36,0.0127,1166.19,50.4,70.53,18.17,0.2364,normal
2026-04-03T03:00:00,search-api,us-east-1,94.65,0.0165,657.49,38.51,55.45,15.05,0.1953,normal
2026-04-03T03:00:00,search-api,us-west-2,96.08,0.0057,771.11,31.33,52.39,4.77,0.1297,normal
2026-04-03T03:00:00,search-api,eu-central-1,84.52,0.0113,746.58,40.49,63.82,22.88,0.2089,normal
2026-04-03T03:00:00,notification-service,us-east-1,81.14,0.0089,339.0,57.79,54.97,20.94,0.2611,normal
2026-04-03T03:00:00,notification-service,us-west-2,88.65,0.0138,340.23,50.44,50.68,15.98,0.2341,normal
2026-04-03T03:00:00,notification-service,eu-central-1,72.06,0.0088,380.73,43.93,58.61,20.12,0.2108,normal
2026-04-03T03:00:00,analytics-pipeline,us-east-1,182.06,0.0038,167.04,40.68,59.16,11.29,0.1724,normal
2026-04-03T03:00:00,analytics-pipeline,us-west-2,178.5,0.0062,160.02,36.89,52.46,24.6,0.1905,normal
2026-04-03T03:00:00,analytics-pipeline,eu-central-1,198.96,0.0113,172.43,37.69,47.2,13.93,0.1807,normal
2026-04-03T04:00:00,checkout-api,us-east-1,117.92,0.0135,886.59,40.13,58.03,21.35,0.2085,normal
2026-04-03T04:00:00,checkout-api,us-west-2,104.94,0.0107,830.82,42.41,55.59,26.46,0.2218,normal
2026-04-03T04:00:00,checkout-api,eu-central-1,94.76,0.0141,869.21,38.12,58.15,19.02,0.1977,normal
2026-04-03T04:00:00,billing-worker,us-east-1,142.35,0.0107,372.1,28.83,62.79,17.86,0.1567,normal
2026-04-03T04:00:00,billing-worker,us-west-2,163.99,0.0105,336.85,51.74,53.27,22.33,0.2457,normal
2026-04-03T04:00:00,billing-worker,eu-central-1,170.31,0.0133,359.31,41.34,46.95,23.27,0.2162,normal
2026-04-03T04:00:00,auth-service,us-east-1,78.32,0.005,1183.41,49.35,63.56,12.83,0.208,normal
2026-04-03T04:00:00,auth-service,us-west-2,70.92,0.0047,1054.79,44.52,58.27,28.21,0.2219,normal
2026-04-03T04:00:00,auth-service,eu-central-1,76.62,0.0078,1044.9,54.1,59.13,17.82,0.2398,normal
2026-04-03T04:00:00,search-api,us-east-1,87.5,0.0049,746.71,34.48,62.02,22.96,0.1766,normal
2026-04-03T04:00:00,search-api,us-west-2,92.15,0.0027,736.5,53.01,52.33,8.24,0.2073,normal
2026-04-03T04:00:00,search-api,eu-central-1,103.13,0.0096,688.95,51.61,56.1,21.58,0.2421,normal
2026-04-03T04:00:00,notification-service,us-east-1,82.32,0.0061,335.86,35.39,45.8,13.87,0.1632,normal
2026-04-03T04:00:00,notification-service,us-west-2,93.24,0.0133,377.31,49.79,69.09,20.02,0.2392,normal
2026-04-03T04:00:00,notification-service,eu-central-1,82.1,0.0108,311.07,47.79,54.92,20.08,0.2279,normal
2026-04-03T04:00:00,analytics-pipeline,us-east-1,167.96,0.0085,185.77,40.39,53.37,20.28,0.1982,normal
2026-04-03T04:00:00,analytics-pipeline,us-west-2,192.45,0.0083,161.72,29.98,48.8,26.35,0.1738,normal
2026-04-03T04:00:00,analytics-pipeline,eu-central-1,178.75,0.0109,186.81,44.29,61.31,14.16,0.2036,normal
2026-04-03T05:00:00,checkout-api,us-east-1,91.73,0.0115,868.63,46.54,50.69,16.98,0.2183,normal
2026-04-03T05:00:00,checkout-api,us-west-2,121.6,0.0058,879.48,52.23,56.41,19.05,0.2322,normal
2026-04-03T05:00:00,checkout-api,eu-central-1,87.45,0.012,849.35,52.05,57.38,15.2,0.2349,normal
2026-04-03T05:00:00,billing-worker,us-east-1,149.96,0.0081,373.68,54.03,64.74,18.94,0.2425,normal
2026-04-03T05:00:00,billing-worker,us-west-2,154.19,0.0122,400.75,42.45,58.5,21.25,0.2141,normal
2026-04-03T05:00:00,billing-worker,eu-central-1,151.43,0.0104,372.81,41.52,61.14,10.51,0.1856,normal
2026-04-03T05:00:00,auth-service,us-east-1,74.95,0.012,1162.41,39.9,57.84,14.38,0.1906,normal
2026-04-03T05:00:00,auth-service,us-west-2,80.78,0.0076,1027.67,32.81,60.06,19.72,0.1689,normal
2026-04-03T05:00:00,auth-service,eu-central-1,72.23,0.004,1139.04,35.65,53.5,18.1,0.169,normal
2026-04-03T05:00:00,search-api,us-east-1,89.3,0.0103,683.73,38.54,56.44,29.34,0.2134,normal
2026-04-03T05:00:00,search-api,us-west-2,106.73,0.0127,683.87,42.15,64.26,24.31,0.2201,normal
2026-04-03T05:00:00,search-api,eu-central-1,82.89,0.0088,683.73,47.87,62.37,14.0,0.2121,normal
2026-04-03T05:00:00,notification-service,us-east-1,99.26,0.008,382.85,40.82,57.42,32.67,0.2241,normal
2026-04-03T05:00:00,notification-service,us-west-2,81.5,0.0073,362.4,41.82,61.28,8.49,0.1768,normal
2026-04-03T05:00:00,notification-service,eu-central-1,96.91,0.0128,338.75,47.53,54.57,14.5,0.2191,normal
2026-04-03T05:00:00,analytics-pipeline,us-east-1,157.86,0.0105,188.6,48.67,64.3,23.55,0.2374,normal
2026-04-03T05:00:00,analytics-pipeline,us-west-2,167.03,0.0041,181.95,43.39,64.75,16.03,0.192,normal
2026-04-03T05:00:00,analytics-pipeline,eu-central-1,167.58,0.0108,168.59,29.6,53.83,11.43,0.1464,normal
2026-04-03T06:00:00,checkout-api,us-east-1,95.84,0.007,926.95,60.08,69.84,14.96,0.2534,normal
2026-04-03T06:00:00,checkout-api,us-west-2,114.39,0.0088,896.46,36.97,57.49,5.34,0.1561,normal
2026-04-03T06:00:00,checkout-api,eu-central-1,119.73,0.0061,906.66,37.66,59.85,9.16,0.1616,normal
2026-04-03T06:00:00,billing-worker,us-east-1,140.75,0.0125,401.06,27.33,63.84,8.14,0.1349,normal
2026-04-03T06:00:00,billing-worker,us-west-2,148.24,0.011,370.57,39.71,56.32,21.18,0.2022,normal
2026-04-03T06:00:00,billing-worker,eu-central-1,155.38,0.0143,394.46,57.31,51.51,31.67,0.291,normal
2026-04-03T06:00:00,auth-service,us-east-1,73.46,0.012,1140.77,42.77,51.71,21.08,0.2144,normal
2026-04-03T06:00:00,auth-service,us-west-2,86.89,0.0096,1148.45,42.17,62.89,16.58,0.1988,normal
2026-04-03T06:00:00,auth-service,eu-central-1,74.98,0.0099,1245.64,49.37,50.79,13.33,0.2179,normal
2026-04-03T06:00:00,search-api,us-east-1,95.15,0.0123,761.97,40.56,72.58,16.89,0.1986,normal
2026-04-03T06:00:00,search-api,us-west-2,105.46,0.0145,790.7,43.66,61.95,6.52,0.1922,normal
2026-04-03T06:00:00,search-api,eu-central-1,81.76,0.0067,750.56,50.22,57.3,26.04,0.2412,normal
2026-04-03T06:00:00,notification-service,us-east-1,88.85,0.0149,297.55,35.83,51.44,10.2,0.173,normal
2026-04-03T06:00:00,notification-service,us-west-2,95.97,0.0056,313.67,39.11,64.06,14.63,0.1768,normal
2026-04-03T06:00:00,notification-service,eu-central-1,89.91,0.0112,317.67,24.18,51.71,8.65,0.1224,normal
2026-04-03T06:00:00,analytics-pipeline,us-east-1,203.07,0.0063,162.85,44.99,58.37,11.02,0.1914,normal
2026-04-03T06:00:00,analytics-pipeline,us-west-2,195.44,0.0125,177.92,36.37,52.02,2.55,0.1551,normal
2026-04-03T06:00:00,analytics-pipeline,eu-central-1,185.41,0.0106,164.52,42.32,80.48,9.55,0.1866,normal
2026-04-03T07:00:00,checkout-api,us-east-1,90.95,0.0114,850.19,38.36,62.27,17.13,0.1898,normal
2026-04-03T07:00:00,checkout-api,us-west-2,113.19,0.011,938.85,43.02,43.2,28.43,0.2286,normal
2026-04-03T07:00:00,checkout-api,eu-central-1,90.99,0.013,888.08,31.56,58.46,24.8,0.1846,normal
2026-04-03T07:00:00,billing-worker,us-east-1,133.39,0.0092,368.16,34.48,53.76,27.8,0.1941,normal
2026-04-03T07:00:00,billing-worker,us-west-2,152.8,0.0089,384.39,43.07,59.97,19.5,0.2067,normal
2026-04-03T07:00:00,billing-worker,eu-central-1,125.46,0.0125,365.25,22.3,62.83,8.92,0.1189,normal
2026-04-03T07:00:00,auth-service,us-east-1,74.17,0.0087,1106.54,46.16,56.13,15.98,0.2099,normal
2026-04-03T07:00:00,auth-service,us-west-2,69.38,0.008,1073.75,42.41,67.09,25.77,0.2155,normal
2026-04-03T07:00:00,auth-service,eu-central-1,77.52,0.0039,1225.73,49.19,72.17,0.97,0.1811,normal
2026-04-03T07:00:00,search-api,us-east-1,95.12,0.0078,767.61,33.82,55.39,35.73,0.2055,normal
2026-04-03T07:00:00,search-api,us-west-2,102.43,0.0015,718.56,52.49,53.75,22.62,0.2326,normal
2026-04-03T07:00:00,search-api,eu-central-1,95.74,0.0035,688.8,50.72,66.15,13.5,0.2114,normal
2026-04-03T07:00:00,notification-service,us-east-1,92.52,0.0063,336.45,41.9,49.41,20.52,0.2,normal
2026-04-03T07:00:00,notification-service,us-west-2,82.4,0.001,313.6,35.62,52.25,10.62,0.1482,normal
2026-04-03T07:00:00,notification-service,eu-central-1,80.4,0.001,350.11,42.61,59.75,16.03,0.1837,normal
2026-04-03T07:00:00,analytics-pipeline,us-east-1,180.9,0.008,162.58,30.48,58.51,25.82,0.1739,normal
2026-04-03T07:00:00,analytics-pipeline,us-west-2,183.32,0.0152,159.5,40.04,53.75,27.46,0.2236,normal
2026-04-03T07:00:00,analytics-pipeline,eu-central-1,204.01,0.007,183.0,40.2,51.12,17.21,0.1886,normal
2026-04-03T08:00:00,checkout-api,us-east-1,96.4,0.0149,1192.1,51.11,60.47,0,0.2058,normal
2026-04-03T08:00:00,checkout-api,us-west-2,111.63,0.0094,1025.34,42.82,64.96,31.11,0.2304,normal
2026-04-03T08:00:00,checkout-api,eu-central-1,96.55,0.012,1177.68,40.73,56.05,22.09,0.2094,normal
2026-04-03T08:00:00,billing-worker,us-east-1,151.58,0.0115,502.29,31.96,67.08,27.97,0.1898,normal
2026-04-03T08:00:00,billing-worker,us-west-2,138.56,0.0089,532.42,28.6,61.44,36.54,0.1908,normal
2026-04-03T08:00:00,billing-worker,eu-central-1,148.1,0.0063,563.05,42.1,59.46,14.78,0.189,normal
2026-04-03T08:00:00,auth-service,us-east-1,76.07,0.0021,1430.4,30.74,64.21,17.32,0.1469,normal
2026-04-03T08:00:00,auth-service,us-west-2,81.8,0.0012,1480.78,53.18,52.55,3.75,0.196,normal
2026-04-03T08:00:00,auth-service,eu-central-1,70.6,0.0077,1524.03,52.01,67.15,29.91,0.2571,normal
2026-04-03T08:00:00,search-api,us-east-1,99.34,0.0071,928.82,30.69,66.76,27.62,0.1767,normal
2026-04-03T08:00:00,search-api,us-west-2,95.67,0.0056,982.66,45.77,59.06,9.11,0.1889,normal
2026-04-03T08:00:00,search-api,eu-central-1,96.79,0.0068,985.61,46.6,61.03,14.74,0.2056,normal
2026-04-03T08:00:00,notification-service,us-east-1,95.18,0.012,466.13,48.45,62.56,21.02,0.2341,normal
2026-04-03T08:00:00,notification-service,us-west-2,77.86,0.002,419.33,46.72,64.27,19.42,0.2069,normal
2026-04-03T08:00:00,notification-service,eu-central-1,85.6,0.016,430.77,28.34,47.36,15.54,0.1599,normal
2026-04-03T08:00:00,analytics-pipeline,us-east-1,189.9,0.0118,229.33,48.28,57.67,12.46,0.2158,normal
2026-04-03T08:00:00,analytics-pipeline,us-west-2,174.65,0.0119,242.48,33.39,51.21,18.95,0.1771,normal
2026-04-03T08:00:00,analytics-pipeline,eu-central-1,210.04,0.0045,217.79,45.22,61.5,13.32,0.1936,normal
2026-04-03T09:00:00,checkout-api,us-east-1,104.79,0.0109,1061.51,41.83,62.13,25.09,0.2173,normal
2026-04-03T09:00:00,checkout-api,us-west-2,114.61,0.0087,1078.42,52.31,63.3,13.13,0.2256,normal
2026-04-03T09:00:00,checkout-api,eu-central-1,113.53,0.013,1151.22,23.91,54.79,12.21,0.132,normal
2026-04-03T09:00:00,billing-worker,us-east-1,135.49,0.0087,485.7,44.99,70.96,8.89,0.1913,normal
2026-04-03T09:00:00,billing-worker,us-west-2,156.84,0.007,525.84,41.03,66.8,12.56,0.1818,normal
2026-04-03T09:00:00,billing-worker,eu-central-1,153.34,0.006,518.06,41.9,65.47,5.91,0.1696,normal
2026-04-03T09:00:00,auth-service,us-east-1,67.07,0.0143,1553.38,55.02,50.94,19.62,0.2585,normal
2026-04-03T09:00:00,auth-service,us-west-2,78.55,0.0158,1521.13,38.57,62.9,17.22,0.1986,normal
2026-04-03T09:00:00,auth-service,eu-central-1,70.6,0.0119,1385.2,34.22,67.33,14.17,0.1702,normal
2026-04-03T09:00:00,search-api,us-east-1,92.59,0.0104,1003.0,46.06,51.4,13.65,0.2079,normal
2026-04-03T09:00:00,search-api,us-west-2,102.8,0.0085,922.73,48.7,65.82,34.69,0.2568,normal
2026-04-03T09:00:00,search-api,eu-central-1,87.0,0.0063,919.88,44.73,54.74,26.56,0.2222,normal
2026-04-03T09:00:00,notification-service,us-east-1,67.13,0.0127,425.63,39.9,61.89,19.56,0.2025,normal
2026-04-03T09:00:00,notification-service,us-west-2,78.27,0.0148,451.37,38.23,59.43,9.52,0.1799,normal
2026-04-03T09:00:00,notification-service,eu-central-1,76.84,0.0078,446.91,42.78,52.7,7.38,0.179,normal
2026-04-03T09:00:00,analytics-pipeline,us-east-1,156.41,0.0151,235.91,35.86,66.11,22.15,0.198,normal
2026-04-03T09:00:00,analytics-pipeline,us-west-2,174.19,0.0066,244.48,44.51,69.17,20.79,0.2103,normal
2026-04-03T09:00:00,analytics-pipeline,eu-central-1,171.79,0.0067,223.98,43.95,59.74,22.66,0.2122,normal
2026-04-03T10:00:00,checkout-api,us-east-1,108.7,0.005,1147.67,34.78,61.29,7.91,0.1469,normal
2026-04-03T10:00:00,checkout-api,us-west-2,100.24,0.0057,1124.69,40.03,68.31,16.04,0.1832,normal
2026-04-03T10:00:00,checkout-api,eu-central-1,93.26,0.0078,1200.58,46.25,59.63,33.28,0.2441,normal
2026-04-03T10:00:00,billing-worker,us-east-1,157.54,0.0094,542.25,31.73,56.85,11.35,0.1511,normal
2026-04-03T10:00:00,billing-worker,us-west-2,147.01,0.0152,500.25,54.23,51.04,28.94,0.2764,normal
2026-04-03T10:00:00,billing-worker,eu-central-1,125.88,0.0057,536.88,41.3,58.99,17.9,0.1915,normal
2026-04-03T10:00:00,auth-service,us-east-1,76.06,0.0083,1453.63,39.77,58.76,11.09,0.1769,normal
2026-04-03T10:00:00,auth-service,us-west-2,77.73,0.0158,1405.34,37.82,56.09,18.15,0.1979,normal
2026-04-03T10:00:00,auth-service,eu-central-1,75.56,0.0062,1522.55,42.05,57.42,29.82,0.2194,normal
2026-04-03T10:00:00,search-api,us-east-1,95.96,0.0033,880.36,46.54,55.68,13.26,0.196,normal
2026-04-03T10:00:00,search-api,us-west-2,84.99,0.0078,947.47,36.74,55.61,24.8,0.1934,normal
2026-04-03T10:00:00,search-api,eu-central-1,100.8,0.0111,943.73,31.58,63.28,29.49,0.1908,normal
2026-04-03T10:00:00,notification-service,us-east-1,93.42,0.0135,445.03,44.88,57.91,27.62,0.2378,normal
2026-04-03T10:00:00,notification-service,us-west-2,83.23,0.0172,455.53,39.53,57.99,5.66,0.181,normal
2026-04-03T10:00:00,notification-service,eu-central-1,80.16,0.0078,490.59,35.76,64.24,18.59,0.1773,normal
2026-04-03T10:00:00,analytics-pipeline,us-east-1,175.87,0.0114,209.73,49.26,71.16,20.27,0.2344,normal
2026-04-03T10:00:00,analytics-pipeline,us-west-2,179.14,0.0096,239.14,38.24,58.82,21.87,0.1959,normal
2026-04-03T10:00:00,analytics-pipeline,eu-central-1,175.12,0.0105,235.5,47.49,51.29,13.89,0.2135,normal
2026-04-03T11:00:00,checkout-api,us-east-1,101.52,0.0136,1172.82,29.31,49.32,32.89,0.1943,normal
2026-04-03T11:00:00,checkout-api,us-west-2,107.77,0.004,1108.63,43.09,67.7,30.43,0.2203,normal
2026-04-03T11:00:00,checkout-api,eu-central-1,102.03,0.0079,1265.25,34.46,68.63,20.6,0.1769,normal
2026-04-03T11:00:00,billing-worker,us-east-1,146.06,0.0139,524.22,35.58,47.64,18.12,0.1867,normal
2026-04-03T11:00:00,billing-worker,us-west-2,150.77,0.0142,448.48,52.3,62.21,29.65,0.2694,normal
2026-04-03T11:00:00,billing-worker,eu-central-1,153.98,0.0098,522.97,45.06,53.73,17.13,0.2104,normal
2026-04-03T11:00:00,auth-service,us-east-1,75.75,0.0073,1418.33,30.9,61.43,22.0,0.1663,normal
2026-04-03T11:00:00,auth-service,us-west-2,75.63,0.0045,1587.02,39.0,43.9,30.03,0.206,normal
2026-04-03T11:00:00,auth-service,eu-central-1,66.31,0.0177,1563.84,38.62,42.02,12.6,0.1927,normal
2026-04-03T11:00:00,search-api,us-east-1,105.93,0.0142,963.4,28.85,55.41,15.83,0.1589,normal
2026-04-03T11:00:00,search-api,us-west-2,98.41,0.0085,967.3,29.46,53.63,29.08,0.1779,normal
2026-04-03T11:00:00,search-api,eu-central-1,84.28,0.0126,1056.53,47.01,48.56,27.58,0.2435,normal
2026-04-03T11:00:00,notification-service,us-east-1,72.76,0.0103,430.64,51.53,66.01,19.46,0.2387,normal
2026-04-03T11:00:00,notification-service,us-west-2,96.83,0.0128,429.18,34.45,74.73,14.88,0.174,normal
2026-04-03T11:00:00,notification-service,eu-central-1,87.72,0.0086,429.29,29.63,57.02,17.12,0.1541,normal
2026-04-03T11:00:00,analytics-pipeline,us-east-1,193.74,0.007,214.49,33.74,57.73,19.92,0.1715,normal
2026-04-03T11:00:00,analytics-pipeline,us-west-2,190.14,0.0075,237.78,43.11,69.48,17.57,0.2004,normal
2026-04-03T11:00:00,analytics-pipeline,eu-central-1,182.02,0.0112,245.29,34.91,54.78,15.89,0.1748,normal
2026-04-03T12:00:00,checkout-api,us-east-1,87.61,0.014,1218.4,42.17,80.88,27.8,0.2297,normal
2026-04-03T12:00:00,checkout-api,us-west-2,121.5,0.015,1209.13,31.1,68.42,21.24,0.1794,normal
2026-04-03T12:00:00,checkout-api,eu-central-1,95.24,0.0092,1200.79,49.58,59.19,13.98,0.2187,normal
2026-04-03T12:00:00,billing-worker,us-east-1,153.62,0.0061,510.51,47.89,48.21,20.89,0.2212,normal
2026-04-03T12:00:00,billing-worker,us-west-2,122.94,0.0054,482.27,41.31,62.86,17.61,0.1904,normal
2026-04-03T12:00:00,billing-worker,eu-central-1,155.3,0.0094,507.39,45.8,56.38,19.04,0.2161,normal
2026-04-03T12:00:00,auth-service,us-east-1,81.07,0.0068,1608.94,33.46,56.51,4.62,0.1388,normal
2026-04-03T12:00:00,auth-service,us-west-2,71.91,0.0151,1551.01,51.79,48.01,10.2,0.2294,normal
2026-04-03T12:00:00,auth-service,eu-central-1,77.72,0.0122,1585.97,29.09,61.48,17.44,0.1594,normal
2026-04-03T12:00:00,search-api,us-east-1,95.89,0.0108,938.87,28.95,50.73,6.84,0.1348,normal
2026-04-03T12:00:00,search-api,us-west-2,85.28,0.0085,1011.1,36.49,52.8,9.14,0.1617,normal
2026-04-03T12:00:00,search-api,eu-central-1,82.23,0.0093,929.52,40.15,51.46,21.76,0.2017,normal
2026-04-03T12:00:00,notification-service,us-east-1,77.05,0.0111,425.31,48.09,51.95,21.42,0.2321,normal
2026-04-03T12:00:00,notification-service,us-west-2,87.91,0.0087,473.54,43.36,51.96,23.34,0.2152,normal
2026-04-03T12:00:00,notification-service,eu-central-1,79.55,0.0069,439.46,43.4,69.62,4.52,0.1736,normal
2026-04-03T12:00:00,analytics-pipeline,us-east-1,176.39,0.0134,230.03,44.48,68.4,8.49,0.1971,normal
2026-04-03T12:00:00,analytics-pipeline,us-west-2,180.62,0.0121,225.29,28.47,51.2,19.5,0.1612,normal
2026-04-03T12:00:00,analytics-pipeline,eu-central-1,182.66,0.0161,246.54,30.05,65.07,25.07,0.1855,normal
2026-04-03T13:00:00,checkout-api,us-east-1,118.26,0.0084,1128.12,43.14,68.55,22.82,0.2128,normal
2026-04-03T13:00:00,checkout-api,us-west-2,118.89,0.012,1126.36,34.18,70.63,6.3,0.1542,normal
2026-04-03T13:00:00,checkout-api,eu-central-1,102.14,0.0078,1108.41,37.58,58.04,36.38,0.22,normal
2026-04-03T13:00:00,billing-worker,us-east-1,144.27,0.007,515.45,49.26,52.44,14.86,0.2154,normal
2026-04-03T13:00:00,billing-worker,us-west-2,125.26,0.0117,529.11,53.61,49.83,34.82,0.28,normal
2026-04-03T13:00:00,billing-worker,eu-central-1,154.86,0.0079,502.8,39.6,49.73,23.96,0.2019,normal
2026-04-03T13:00:00,auth-service,us-east-1,71.45,0.0062,1562.76,42.87,54.02,16.18,0.1943,normal
2026-04-03T13:00:00,auth-service,us-west-2,72.12,0.0142,1598.26,36.38,57.73,28.62,0.2114,normal
2026-04-03T13:00:00,auth-service,eu-central-1,73.32,0.0159,1557.55,47.18,43.83,24.57,0.244,normal
2026-04-03T13:00:00,search-api,us-east-1,97.52,0.0113,973.56,46.08,54.53,24.97,0.2326,normal
2026-04-03T13:00:00,search-api,us-west-2,95.47,0.0049,905.15,43.25,60.29,0.91,0.1621,normal
2026-04-03T13:00:00,search-api,eu-central-1,79.71,0.0131,951.07,64.08,47.54,16.08,0.2807,normal
2026-04-03T13:00:00,notification-service,us-east-1,81.02,0.0112,468.9,54.5,51.11,27.57,0.2672,normal
2026-04-03T13:00:00,notification-service,us-west-2,76.93,0.0102,442.81,46.81,52.54,28.37,0.2402,normal
2026-04-03T13:00:00,notification-service,eu-central-1,84.55,0.0089,433.59,33.73,62.93,20.61,0.1763,normal
2026-04-03T13:00:00,analytics-pipeline,us-east-1,186.4,0.0162,222.15,39.8,58.05,24.64,0.2189,normal
2026-04-03T13:00:00,analytics-pipeline,us-west-2,177.5,0.0126,236.88,28.36,53.34,2.24,0.1266,normal
2026-04-03T13:00:00,analytics-pipeline,eu-central-1,175.99,0.0074,238.36,43.32,57.56,27.79,0.2218,normal
2026-04-03T14:00:00,checkout-api,us-east-1,109.88,0.0042,1120.63,44.55,69.64,16.47,0.1972,normal
2026-04-03T14:00:00,checkout-api,us-west-2,103.6,0.01,1202.56,41.3,60.01,14.73,0.1927,normal
2026-04-03T14:00:00,checkout-api,eu-central-1,100.49,0.0059,1195.67,37.68,61.76,21.15,0.1858,normal
2026-04-03T14:00:00,billing-worker,us-east-1,156.03,0.001,488.64,32.53,56.88,24.25,0.1653,normal
2026-04-03T14:00:00,billing-worker,us-west-2,173.7,0.015,545.81,44.97,55.36,22.16,0.2297,normal
2026-04-03T14:00:00,billing-worker,eu-central-1,120.33,0.0126,512.61,46.8,50.96,9.5,0.2059,normal
2026-04-03T14:00:00,auth-service,us-east-1,71.23,0.0088,1550.57,39.24,60.39,23.29,0.2009,normal
2026-04-03T14:00:00,auth-service,us-west-2,68.2,0.0086,1410.94,37.74,64.19,12.45,0.173,normal
2026-04-03T14:00:00,auth-service,eu-central-1,85.92,0.011,1590.18,42.81,63.92,26.5,0.2238,normal
2026-04-03T14:00:00,search-api,us-east-1,95.79,0.0069,926.47,57.01,56.75,14.44,0.2416,normal
2026-04-03T14:00:00,search-api,us-west-2,89.75,0.0024,928.78,44.53,54.68,12.1,0.185,normal
2026-04-03T14:00:00,search-api,eu-central-1,98.04,0.0108,931.65,44.4,51.35,24.69,0.2253,normal
2026-04-03T14:00:00,notification-service,us-east-1,78.45,0.0077,442.07,38.74,50.17,34.33,0.2196,normal
2026-04-03T14:00:00,notification-service,us-west-2,95.08,0.0022,441.76,32.14,60.13,7.86,0.1325,normal
2026-04-03T14:00:00,notification-service,eu-central-1,88.86,0.0111,475.26,51.38,54.87,25.36,0.2516,normal
2026-04-03T14:00:00,analytics-pipeline,us-east-1,173.55,0.0086,226.23,28.29,62.13,2.18,0.1189,normal
2026-04-03T14:00:00,analytics-pipeline,us-west-2,176.69,0.011,233.07,29.73,53.56,23.3,0.1716,normal
2026-04-03T14:00:00,analytics-pipeline,eu-central-1,195.47,0.0152,211.59,45.58,54.71,23.95,0.2359,normal
2026-04-03T15:00:00,checkout-api,us-east-1,91.15,0.0084,1198.41,36.98,55.52,10.37,0.1659,normal
2026-04-03T15:00:00,checkout-api,us-west-2,114.15,0.0038,1108.14,39.42,55.84,34.45,0.2153,normal
2026-04-03T15:00:00,checkout-api,eu-central-1,107.25,0.0058,1191.36,44.67,59.93,17.5,0.2025,normal
2026-04-03T15:00:00,billing-worker,us-east-1,150.24,0.0044,482.8,38.69,50.45,23.46,0.1914,normal
2026-04-03T15:00:00,billing-worker,us-west-2,167.0,0.0138,523.39,44.63,53.31,7.88,0.1972,normal
2026-04-03T15:00:00,billing-worker,eu-central-1,151.21,0.0032,519.84,40.9,63.14,18.39,0.1866,normal
2026-04-03T15:00:00,auth-service,us-east-1,75.62,0.0067,1398.82,39.32,62.76,26.15,0.2032,normal
2026-04-03T15:00:00,auth-service,us-west-2,83.08,0.0051,1456.37,47.46,54.9,38.03,0.2531,normal
2026-04-03T15:00:00,auth-service,eu-central-1,76.84,0.0031,1484.36,54.23,45.52,19.19,0.2346,normal
2026-04-03T15:00:00,search-api,us-east-1,84.7,0.0152,931.15,33.97,46.32,12.45,0.1718,normal
2026-04-03T15:00:00,search-api,us-west-2,76.02,0.0072,1051.34,42.77,56.19,8.96,0.1809,normal
2026-04-03T15:00:00,search-api,eu-central-1,97.53,0.0072,912.85,52.79,61.01,11.08,0.2203,normal
2026-04-03T15:00:00,notification-service,us-east-1,94.83,0.0088,449.83,43.15,66.07,22.8,0.2135,normal
2026-04-03T15:00:00,notification-service,us-west-2,82.69,0.0118,430.95,43.04,69.23,9.73,0.1918,normal
2026-04-03T15:00:00,notification-service,eu-central-1,78.12,0.0074,428.67,52.15,47.11,35.88,0.2693,normal
2026-04-03T15:00:00,analytics-pipeline,us-east-1,202.32,0.0072,233.87,39.19,62.6,23.17,0.1976,normal
2026-04-03T15:00:00,analytics-pipeline,us-west-2,190.59,0.012,253.34,40.67,62.79,16.55,0.1978,normal
2026-04-03T15:00:00,analytics-pipeline,eu-central-1,180.55,0.0099,231.22,44.7,52.17,16.81,0.2086,normal
2026-04-03T16:00:00,checkout-api,us-east-1,100.03,0.0044,1119.6,38.12,56.98,5.83,0.1533,normal
2026-04-03T16:00:00,checkout-api,us-west-2,102.89,0.0046,1113.42,43.48,65.59,20.23,0.2018,normal
2026-04-03T16:00:00,checkout-api,eu-central-1,100.98,0.0073,1233.69,29.33,65.8,6.29,0.1286,normal
2026-04-03T16:00:00,billing-worker,us-east-1,137.81,0.0092,506.94,54.97,61.38,17.63,0.245,normal
2026-04-03T16:00:00,billing-worker,us-west-2,155.82,0.0091,492.54,50.76,68.27,28.0,0.2514,normal
2026-04-03T16:00:00,billing-worker,eu-central-1,131.67,0.0164,502.13,48.0,66.17,36.56,0.2724,normal
2026-04-03T16:00:00,auth-service,us-east-1,65.51,0.005,1611.58,45.86,55.86,0,0.1695,normal
2026-04-03T16:00:00,auth-service,us-west-2,77.59,0.0083,1333.26,62.91,40.86,13.64,0.263,normal
2026-04-03T16:00:00,auth-service,eu-central-1,74.97,0.0099,1580.37,39.92,51.85,15.19,0.1886,normal
2026-04-03T16:00:00,search-api,us-east-1,79.35,0.0046,1042.13,36.64,57.45,32.83,0.2037,normal
2026-04-03T16:00:00,search-api,us-west-2,102.83,0.0095,985.29,39.89,51.79,25.83,0.2095,normal
2026-04-03T16:00:00,search-api,eu-central-1,96.0,0.0153,939.57,39.07,60.36,16.52,0.198,normal
2026-04-03T16:00:00,notification-service,us-east-1,82.93,0.0055,444.6,44.53,70.55,17.8,0.2022,normal
2026-04-03T16:00:00,notification-service,us-west-2,73.3,0.0108,487.66,38.55,52.5,16.7,0.1886,normal
2026-04-03T16:00:00,notification-service,eu-central-1,65.94,0.0077,435.22,30.18,61.96,11.16,0.1423,normal
2026-04-03T16:00:00,analytics-pipeline,us-east-1,153.91,0.0062,238.89,57.03,66.58,19.53,0.2507,normal
2026-04-03T16:00:00,analytics-pipeline,us-west-2,172.78,0.008,242.62,37.95,60.86,25.56,0.1995,normal
2026-04-03T16:00:00,analytics-pipeline,eu-central-1,167.2,0.0067,236.82,42.06,57.15,13.86,0.1876,normal
2026-04-03T17:00:00,checkout-api,us-east-1,104.48,0.0163,1234.97,29.37,58.33,18.73,0.1704,normal
2026-04-03T17:00:00,checkout-api,us-west-2,105.3,0.0036,1151.74,43.16,53.32,20.46,0.1994,normal
2026-04-03T17:00:00,checkout-api,eu-central-1,84.92,0.0031,1164.69,45.06,56.86,14.41,0.1928,normal
2026-04-03T17:00:00,billing-worker,us-east-1,147.11,0.0132,534.63,41.38,54.8,26.32,0.2225,normal
2026-04-03T17:00:00,billing-worker,us-west-2,151.16,0.0125,505.55,35.26,59.28,13.11,0.1727,normal
2026-04-03T17:00:00,billing-worker,eu-central-1,158.09,0.0123,458.47,47.22,67.15,26.13,0.2409,normal
2026-04-03T17:00:00,auth-service,us-east-1,72.21,0.0056,1596.43,49.94,58.41,8.96,0.2033,normal
2026-04-03T17:00:00,auth-service,us-west-2,66.01,0.01,1464.17,36.67,61.05,26.22,0.2001,normal
2026-04-03T17:00:00,auth-service,eu-central-1,62.84,0.0064,1620.63,41.67,55.65,23.0,0.2044,normal
2026-04-03T17:00:00,search-api,us-east-1,86.51,0.0042,952.59,54.25,64.98,17.96,0.2342,normal
2026-04-03T17:00:00,search-api,us-west-2,102.55,0.0074,897.44,28.88,59.86,25.05,0.1656,normal
2026-04-03T17:00:00,search-api,eu-central-1,97.78,0.0089,933.19,50.54,57.68,6.72,0.2066,normal
2026-04-03T17:00:00,notification-service,us-east-1,94.15,0.0065,447.51,42.03,65.25,19.94,0.1995,normal
2026-04-03T17:00:00,notification-service,us-west-2,93.19,0.0098,429.43,38.02,62.47,11.51,0.1743,normal
2026-04-03T17:00:00,notification-service,eu-central-1,91.2,0.0081,419.52,35.16,57.01,31.87,0.2028,normal
2026-04-03T17:00:00,analytics-pipeline,us-east-1,190.91,0.0091,221.67,56.94,56.09,17.99,0.2524,normal
2026-04-03T17:00:00,analytics-pipeline,us-west-2,174.01,0.0142,233.78,38.41,59.27,10.17,0.1809,normal
2026-04-03T17:00:00,analytics-pipeline,eu-central-1,165.12,0.0084,199.58,51.22,71.67,9.29,0.2133,normal
2026-04-03T18:00:00,checkout-api,us-east-1,103.83,0.0028,1168.62,43.66,63.09,7.55,0.1733,normal
2026-04-03T18:00:00,checkout-api,us-west-2,100.04,0.0065,1145.23,59.91,56.63,17.68,0.2575,normal
2026-04-03T18:00:00,checkout-api,eu-central-1,100.81,0.0121,1302.54,51.11,68.54,9.59,0.2203,normal
2026-04-03T18:00:00,billing-worker,us-east-1,157.06,0.0091,543.38,50.3,62.51,4.85,0.2024,normal
2026-04-03T18:00:00,billing-worker,us-west-2,146.53,0.007,523.49,42.3,65.22,5.42,0.1718,normal
2026-04-03T18:00:00,billing-worker,eu-central-1,136.56,0.0087,520.35,38.83,57.8,18.44,0.1893,normal
2026-04-03T18:00:00,auth-service,us-east-1,81.18,0.0086,1542.86,27.74,39.99,6.52,0.1258,normal
2026-04-03T18:00:00,auth-service,us-west-2,77.11,0.001,1555.22,41.24,58.02,12.27,0.1713,normal
2026-04-03T18:00:00,auth-service,eu-central-1,72.52,0.0123,1551.38,41.8,54.64,19.67,0.2086,normal
2026-04-03T18:00:00,search-api,us-east-1,103.9,0.0089,934.72,32.75,58.68,10.8,0.1528,normal
2026-04-03T18:00:00,search-api,us-west-2,84.26,0.0124,922.91,26.01,53.05,32.47,0.1798,normal
2026-04-03T18:00:00,search-api,eu-central-1,94.2,0.0038,900.86,47.65,60.8,19.68,0.2139,normal
2026-04-03T18:00:00,notification-service,us-east-1,83.69,0.0109,471.92,45.83,56.87,7.01,0.1944,normal
2026-04-03T18:00:00,notification-service,us-west-2,87.98,0.0152,452.97,32.12,59.28,28.21,0.1974,normal
2026-04-03T18:00:00,notification-service,eu-central-1,80.75,0.0109,464.92,54.86,47.04,4.27,0.2205,normal
2026-04-03T18:00:00,analytics-pipeline,us-east-1,185.31,0.0118,227.83,41.84,55.19,27.44,0.2237,normal
2026-04-03T18:00:00,analytics-pipeline,us-west-2,148.63,0.01,217.44,36.67,47.44,10.84,0.1685,normal
2026-04-03T18:00:00,analytics-pipeline,eu-central-1,179.66,0.0091,251.86,40.27,60.39,20.78,0.1998,normal
2026-04-03T19:00:00,checkout-api,us-east-1,107.13,0.0148,881.78,43.18,57.23,18.03,0.2146,normal
2026-04-03T19:00:00,checkout-api,us-west-2,104.54,0.0129,875.11,42.54,57.67,23.97,0.2212,normal
2026-04-03T19:00:00,checkout-api,eu-central-1,101.09,0.0127,841.88,47.46,71.24,19.83,0.2295,normal
2026-04-03T19:00:00,billing-worker,us-east-1,144.0,0.0044,404.76,42.1,64.28,12.83,0.1814,normal
2026-04-03T19:00:00,billing-worker,us-west-2,150.95,0.0161,396.39,39.43,49.01,17.93,0.2037,normal
2026-04-03T19:00:00,billing-worker,eu-central-1,152.53,0.0114,358.63,33.9,51.26,9.96,0.1595,normal
2026-04-03T19:00:00,auth-service,us-east-1,73.37,0.01,1292.26,43.54,68.03,4.96,0.1806,normal
2026-04-03T19:00:00,auth-service,us-west-2,84.13,0.0121,1182.61,48.5,62.26,33.1,0.2593,normal
2026-04-03T19:00:00,auth-service,eu-central-1,79.77,0.0021,1020.69,54.72,57.42,28.43,0.2535,normal
2026-04-03T19:00:00,search-api,us-east-1,92.43,0.0064,701.76,44.49,59.29,13.11,0.1941,normal
2026-04-03T19:00:00,search-api,us-west-2,99.03,0.0114,675.2,33.21,44.44,15.58,0.1687,normal
2026-04-03T19:00:00,search-api,eu-central-1,95.08,0.0063,689.76,40.95,58.2,22.5,0.2006,normal
2026-04-03T19:00:00,notification-service,us-east-1,90.59,0.0107,355.07,34.35,62.19,20.95,0.1824,normal
2026-04-03T19:00:00,notification-service,us-west-2,77.99,0.0063,340.66,42.59,49.31,13.63,0.1883,normal
2026-04-03T19:00:00,notification-service,eu-central-1,95.25,0.0123,332.95,52.65,51.73,16.65,0.2405,normal
2026-04-03T19:00:00,analytics-pipeline,us-east-1,193.64,0.0077,162.21,46.63,69.08,0,0.177,normal
2026-04-03T19:00:00,analytics-pipeline,us-west-2,182.2,0.0041,171.44,30.84,75.99,12.62,0.1411,normal
2026-04-03T19:00:00,analytics-pipeline,eu-central-1,180.63,0.0062,163.65,38.41,59.44,31.86,0.2108,normal
2026-04-03T20:00:00,checkout-api,us-east-1,107.38,0.0152,813.99,42.57,54.98,5.62,0.1878,normal
2026-04-03T20:00:00,checkout-api,us-west-2,135.94,0.008,887.77,36.04,54.02,9.82,0.1607,normal
2026-04-03T20:00:00,checkout-api,eu-central-1,113.51,0.0074,865.84,43.43,49.52,19.84,0.2059,normal
2026-04-03T20:00:00,billing-worker,us-east-1,143.04,0.0108,376.81,42.31,61.58,25.64,0.2199,normal
2026-04-03T20:00:00,billing-worker,us-west-2,137.1,0.0128,361.85,40.51,58.9,19.15,0.2041,normal
2026-04-03T20:00:00,billing-worker,eu-central-1,116.38,0.0051,381.82,49.31,53.13,29.94,0.2431,normal
2026-04-03T20:00:00,auth-service,us-east-1,64.31,0.0093,1189.99,42.14,59.83,25.39,0.2162,normal
2026-04-03T20:00:00,auth-service,us-west-2,70.22,0.0113,1228.8,40.16,41.98,8.59,0.1785,normal
2026-04-03T20:00:00,auth-service,eu-central-1,69.93,0.0048,1181.95,35.64,75.15,22.51,0.1794,normal
2026-04-03T20:00:00,search-api,us-east-1,85.19,0.0079,788.29,47.38,50.95,26.18,0.2335,normal
2026-04-03T20:00:00,search-api,us-west-2,91.43,0.0178,692.08,46.72,61.9,14.49,0.2251,normal
2026-04-03T20:00:00,search-api,eu-central-1,93.85,0.0136,740.63,41.52,61.07,31.82,0.2349,normal
2026-04-03T20:00:00,notification-service,us-east-1,91.26,0.0109,338.24,29.64,58.94,14.15,0.1523,normal
2026-04-03T20:00:00,notification-service,us-west-2,89.92,0.0066,340.78,33.69,64.19,12.25,0.1548,normal
2026-04-03T20:00:00,notification-service,eu-central-1,84.81,0.0113,324.3,42.06,65.34,31.98,0.2329,normal
2026-04-03T20:00:00,analytics-pipeline,us-east-1,154.31,0.0054,182.41,49.43,54.72,18.75,0.2211,normal
2026-04-03T20:00:00,analytics-pipeline,us-west-2,177.26,0.018,172.55,32.59,47.26,7.91,0.1626,normal
2026-04-03T20:00:00,analytics-pipeline,eu-central-1,198.54,0.0075,196.76,47.04,60.65,23.1,0.2253,normal
2026-04-03T21:00:00,checkout-api,us-east-1,111.56,0.0126,819.03,37.6,54.21,18.83,0.1928,normal
2026-04-03T21:00:00,checkout-api,us-west-2,102.92,0.0041,834.92,56.12,72.68,11.24,0.2269,normal
2026-04-03T21:00:00,checkout-api,eu-central-1,108.16,0.0089,826.33,47.63,57.52,31.19,0.2465,normal
2026-04-03T21:00:00,billing-worker,us-east-1,150.24,0.0078,320.49,41.19,63.87,12.36,0.1834,normal
2026-04-03T21:00:00,billing-worker,us-west-2,155.13,0.0117,342.44,40.45,60.22,23.96,0.2117,normal
2026-04-03T21:00:00,billing-worker,eu-central-1,146.77,0.0089,377.77,39.7,58.02,9.6,0.1747,normal
2026-04-03T21:00:00,auth-service,us-east-1,78.81,0.0077,1188.7,38.0,60.84,19.0,0.1858,normal
2026-04-03T21:00:00,auth-service,us-west-2,80.28,0.0108,1219.13,40.69,57.62,15.93,0.1945,normal
2026-04-03T21:00:00,auth-service,eu-central-1,67.57,0.0085,1230.63,48.08,52.12,20.37,0.2253,normal
2026-04-03T21:00:00,search-api,us-east-1,100.64,0.0036,733.73,44.6,63.18,20.02,0.2036,normal
2026-04-03T21:00:00,search-api,us-west-2,81.93,0.001,809.37,38.88,66.8,27.98,0.1952,normal
2026-04-03T21:00:00,search-api,eu-central-1,95.66,0.0045,780.85,41.71,61.59,21.78,0.1986,normal
2026-04-03T21:00:00,notification-service,us-east-1,91.41,0.013,300.87,30.89,58.98,18.07,0.1685,normal
2026-04-03T21:00:00,notification-service,us-west-2,90.22,0.0085,327.33,58.0,67.5,27.14,0.2737,normal
2026-04-03T21:00:00,notification-service,eu-central-1,91.96,0.0059,329.38,41.45,50.43,11.15,0.1785,normal
2026-04-03T21:00:00,analytics-pipeline,us-east-1,182.29,0.0042,180.9,45.73,56.37,15.33,0.199,normal
2026-04-03T21:00:00,analytics-pipeline,us-west-2,188.57,0.0109,178.92,32.36,46.78,34.14,0.2027,normal
2026-04-03T21:00:00,analytics-pipeline,eu-central-1,170.71,0.0076,154.25,35.71,52.93,24.28,0.1883,normal
2026-04-03T22:00:00,checkout-api,us-east-1,83.07,0.0035,850.78,38.13,52.64,14.53,0.1694,normal
2026-04-03T22:00:00,checkout-api,us-west-2,91.91,0.0101,941.3,43.21,54.29,27.95,0.2265,normal
2026-04-03T22:00:00,checkout-api,eu-central-1,109.05,0.0049,841.74,37.19,57.69,27.55,0.1954,normal
2026-04-03T22:00:00,billing-worker,us-east-1,136.92,0.0084,389.21,32.63,54.7,22.82,0.176,normal
2026-04-03T22:00:00,billing-worker,us-west-2,157.98,0.0016,404.01,39.71,66.92,22.89,0.1887,normal
2026-04-03T22:00:00,billing-worker,eu-central-1,167.57,0.0102,376.55,35.46,48.1,22.36,0.1882,normal
2026-04-03T22:00:00,auth-service,us-east-1,78.06,0.0122,1175.99,30.23,55.19,16.09,0.1607,normal
2026-04-03T22:00:00,auth-service,us-west-2,75.95,0.012,1255.11,44.25,43.73,9.98,0.1969,normal
2026-04-03T22:00:00,auth-service,eu-central-1,62.35,0.006,1061.17,43.88,56.47,26.77,0.2191,normal
2026-04-03T22:00:00,search-api,us-east-1,103.11,0.0072,761.32,42.1,61.15,28.59,0.2188,normal
2026-04-03T22:00:00,search-api,us-west-2,86.38,0.0087,788.77,36.0,59.49,19.04,0.1807,normal
2026-04-03T22:00:00,search-api,eu-central-1,91.88,0.0039,685.88,34.29,65.48,19.96,0.1678,normal
2026-04-03T22:00:00,notification-service,us-east-1,89.72,0.0043,341.91,43.13,65.26,12.34,0.184,normal
2026-04-03T22:00:00,notification-service,us-west-2,90.45,0.0144,369.69,34.71,50.24,6.51,0.1607,normal
2026-04-03T22:00:00,notification-service,eu-central-1,91.47,0.0113,338.5,35.21,66.67,30.6,0.2062,normal
2026-04-03T22:00:00,analytics-pipeline,us-east-1,179.5,0.0085,188.21,45.97,67.3,14.83,0.2066,normal
2026-04-03T22:00:00,analytics-pipeline,us-west-2,184.83,0.0077,168.39,39.67,56.04,21.96,0.1976,normal
2026-04-03T22:00:00,analytics-pipeline,eu-central-1,175.68,0.0093,165.7,32.39,67.89,10.29,0.1511,normal
2026-04-03T23:00:00,checkout-api,us-east-1,120.06,0.0127,745.12,37.0,55.12,18.17,0.1895,normal
2026-04-03T23:00:00,checkout-api,us-west-2,103.53,0.0066,944.6,41.0,64.66,12.63,0.1813,normal
2026-04-03T23:00:00,checkout-api,eu-central-1,99.28,0.0142,858.18,33.4,56.83,26.25,0.1962,normal
2026-04-03T23:00:00,billing-worker,us-east-1,143.16,0.0062,402.26,49.7,56.58,15.51,0.2168,normal
2026-04-03T23:00:00,billing-worker,us-west-2,140.83,0.0196,381.75,55.67,56.98,21.18,0.2734,normal
2026-04-03T23:00:00,billing-worker,eu-central-1,121.68,0.0097,387.74,39.53,55.19,7.33,0.1708,normal
2026-04-03T23:00:00,auth-service,us-east-1,66.18,0.0097,1102.76,41.31,56.77,14.04,0.1907,normal
2026-04-03T23:00:00,auth-service,us-west-2,70.69,0.0163,1068.39,38.02,55.97,8.98,0.1807,normal
2026-04-03T23:00:00,auth-service,eu-central-1,69.33,0.0124,1219.12,43.04,80.42,24.49,0.223,normal
2026-04-03T23:00:00,search-api,us-east-1,104.27,0.0058,767.76,55.18,55.4,32.15,0.2694,normal
2026-04-03T23:00:00,search-api,us-west-2,88.97,0.0046,715.61,35.7,62.42,9.36,0.1523,normal
2026-04-03T23:00:00,search-api,eu-central-1,95.64,0.0014,716.23,50.22,56.19,20.45,0.22,normal
2026-04-03T23:00:00,notification-service,us-east-1,92.34,0.0047,304.14,42.64,59.94,15.91,0.1903,normal
2026-04-03T23:00:00,notification-service,us-west-2,78.51,0.0137,306.46,39.97,57.73,23.67,0.2131,normal
2026-04-03T23:00:00,notification-service,eu-central-1,82.02,0.0058,374.2,35.4,63.53,16.8,0.1687,normal
2026-04-03T23:00:00,analytics-pipeline,us-east-1,173.27,0.0088,171.96,44.44,40.44,17.8,0.2078,normal
2026-04-03T23:00:00,analytics-pipeline,us-west-2,181.07,0.0052,170.47,60.27,70.78,23.02,0.2674,normal
2026-04-03T23:00:00,analytics-pipeline,eu-central-1,183.36,0.0078,190.46,38.51,52.35,23.41,0.1967,normal
2026-04-04T00:00:00,checkout-api,us-east-1,97.02,0.0059,955.68,29.46,57.57,18.94,0.1525,normal
2026-04-04T00:00:00,checkout-api,us-west-2,107.17,0.0033,861.41,39.4,71.31,25.85,0.1967,normal
2026-04-04T00:00:00,checkout-api,eu-central-1,98.77,0.0124,911.02,41.12,56.35,15.86,0.1987,normal
2026-04-04T00:00:00,billing-worker,us-east-1,127.38,0.0065,409.78,53.29,70.84,15.07,0.2291,normal
2026-04-04T00:00:00,billing-worker,us-west-2,152.1,0.001,379.81,32.14,63.71,5.06,0.1247,normal
2026-04-04T00:00:00,billing-worker,eu-central-1,133.12,0.0047,396.36,48.55,51.68,32.09,0.244,normal
2026-04-04T00:00:00,auth-service,us-east-1,75.98,0.0057,1176.17,41.89,63.78,20.69,0.1993,normal
2026-04-04T00:00:00,auth-service,us-west-2,87.99,0.0136,1103.08,48.15,63.29,10.2,0.2138,normal
2026-04-04T00:00:00,auth-service,eu-central-1,70.59,0.0059,967.61,46.97,56.54,27.62,0.2314,normal
2026-04-04T00:00:00,search-api,us-east-1,90.85,0.0093,751.34,49.56,60.24,9.88,0.2104,normal
2026-04-04T00:00:00,search-api,us-west-2,111.56,0.0124,780.72,54.64,67.73,21.25,0.257,normal
2026-04-04T00:00:00,search-api,eu-central-1,98.59,0.0115,648.41,48.35,51.31,21.3,0.2334,normal
2026-04-04T00:00:00,notification-service,us-east-1,78.26,0.0118,320.95,61.42,59.37,21.97,0.2811,normal
2026-04-04T00:00:00,notification-service,us-west-2,78.97,0.0079,330.1,39.77,55.03,11.18,0.1762,normal
2026-04-04T00:00:00,notification-service,eu-central-1,90.15,0.0075,313.97,44.86,52.44,16.65,0.2046,normal
2026-04-04T00:00:00,analytics-pipeline,us-east-1,172.83,0.0054,172.34,35.59,49.4,20.75,0.1767,normal
2026-04-04T00:00:00,analytics-pipeline,us-west-2,175.88,0.0033,170.44,43.46,61.0,20.92,0.2008,normal
2026-04-04T00:00:00,analytics-pipeline,eu-central-1,183.7,0.0113,169.33,35.78,62.28,14.81,0.1759,normal
2026-04-04T01:00:00,checkout-api,us-east-1,105.14,0.0115,927.15,51.54,53.31,15.12,0.2321,normal
2026-04-04T01:00:00,checkout-api,us-west-2,109.66,0.0034,803.72,46.74,53.82,10.82,0.1919,normal
2026-04-04T01:00:00,checkout-api,eu-central-1,111.71,0.0111,925.99,39.43,56.06,15.36,0.1894,normal
2026-04-04T01:00:00,billing-worker,us-east-1,148.48,0.0011,369.42,47.52,52.68,17.51,0.2041,normal
2026-04-04T01:00:00,billing-worker,us-west-2,146.52,0.011,374.81,33.19,75.26,12.43,0.1615,normal
2026-04-04T01:00:00,billing-worker,eu-central-1,164.63,0.0022,389.36,40.48,71.12,33.88,0.2149,normal
2026-04-04T01:00:00,auth-service,us-east-1,80.82,0.0051,1091.33,36.15,54.5,20.04,0.1766,normal
2026-04-04T01:00:00,auth-service,us-west-2,70.41,0.008,1259.28,53.21,45.24,10.6,0.2224,normal
2026-04-04T01:00:00,auth-service,eu-central-1,72.85,0.014,1126.29,56.87,60.58,29.17,0.284,normal
2026-04-04T01:00:00,search-api,us-east-1,88.65,0.0078,764.96,46.45,45.21,15.87,0.2091,normal
2026-04-04T01:00:00,search-api,us-west-2,96.41,0.0115,688.81,55.54,59.11,29.27,0.2749,normal
2026-04-04T01:00:00,search-api,eu-central-1,98.08,0.0093,703.39,32.94,64.02,23.89,0.181,normal
2026-04-04T01:00:00,notification-service,us-east-1,91.31,0.0075,310.08,39.07,55.92,17.92,0.187,normal
2026-04-04T01:00:00,notification-service,us-west-2,91.64,0.0055,321.07,47.36,64.28,35.2,0.2476,normal
2026-04-04T01:00:00,notification-service,eu-central-1,88.59,0.0057,309.36,35.88,58.56,19.98,0.1767,normal
2026-04-04T01:00:00,analytics-pipeline,us-east-1,179.21,0.0066,172.85,41.41,62.15,18.66,0.195,normal
2026-04-04T01:00:00,analytics-pipeline,us-west-2,168.71,0.0045,191.52,41.34,56.87,17.82,0.1892,normal
2026-04-04T01:00:00,analytics-pipeline,eu-central-1,196.11,0.0078,176.9,40.18,62.06,10.18,0.1755,normal
2026-04-04T02:00:00,checkout-api,us-east-1,106.78,0.013,940.95,46.8,60.1,30.21,0.249,normal
2026-04-04T02:00:00,checkout-api,us-west-2,110.93,0.0144,807.52,33.51,63.58,15.95,0.1759,normal
2026-04-04T02:00:00,checkout-api,eu-central-1,101.54,0.0053,957.71,32.77,58.81,7.21,0.139,normal
2026-04-04T02:00:00,billing-worker,us-east-1,143.17,0.0177,446.89,38.19,51.16,30.64,0.2282,normal
2026-04-04T02:00:00,billing-worker,us-west-2,135.41,0.0021,395.32,33.66,48.14,26.72,0.1762,normal
2026-04-04T02:00:00,billing-worker,eu-central-1,136.85,0.0049,390.89,40.55,65.8,18.75,0.1891,normal
2026-04-04T02:00:00,auth-service,us-east-1,84.44,0.0134,1281.91,50.7,58.59,22.24,0.2471,normal
2026-04-04T02:00:00,auth-service,us-west-2,75.21,0.003,1064.59,47.75,41.88,11.62,0.1963,normal
2026-04-04T02:00:00,auth-service,eu-central-1,67.53,0.0088,1074.92,43.95,56.75,14.38,0.199,normal
2026-04-04T02:00:00,search-api,us-east-1,88.81,0.001,721.69,32.01,56.08,20.89,0.1566,normal
2026-04-04T02:00:00,search-api,us-west-2,102.91,0.0117,786.06,31.03,62.73,30.16,0.1914,normal
2026-04-04T02:00:00,search-api,eu-central-1,98.05,0.0047,736.53,38.0,53.69,26.26,0.1952,normal
2026-04-04T02:00:00,notification-service,us-east-1,83.92,0.0047,317.24,57.21,52.32,23.24,0.2562,normal
2026-04-04T02:00:00,notification-service,us-west-2,86.29,0.0135,325.64,34.7,53.72,10.06,0.1664,normal
2026-04-04T02:00:00,notification-service,eu-central-1,102.37,0.0098,324.77,51.76,62.61,16.61,0.2327,normal
2026-04-04T02:00:00,analytics-pipeline,us-east-1,188.99,0.0101,187.54,54.8,55.96,17.75,0.2462,normal
2026-04-04T02:00:00,analytics-pipeline,us-west-2,177.67,0.0137,179.26,48.08,64.27,13.11,0.2198,normal
2026-04-04T02:00:00,analytics-pipeline,eu-central-1,182.05,0.0144,185.29,48.31,56.19,15.24,0.2261,normal
2026-04-04T03:00:00,checkout-api,us-east-1,98.1,0.008,871.38,30.94,66.06,12.11,0.1474,normal
2026-04-04T03:00:00,checkout-api,us-west-2,107.2,0.0113,844.21,28.02,64.72,21.18,0.1618,normal
2026-04-04T03:00:00,checkout-api,eu-central-1,103.07,0.0134,924.79,34.64,57.57,4.4,0.1543,normal
2026-04-04T03:00:00,billing-worker,us-east-1,142.21,0.0145,366.18,48.41,47.81,15.74,0.2277,normal
2026-04-04T03:00:00,billing-worker,us-west-2,155.86,0.0157,397.98,47.88,69.87,0,0.1957,normal
2026-04-04T03:00:00,billing-worker,eu-central-1,125.86,0.0163,447.49,46.65,58.57,20.03,0.2336,normal
2026-04-04T03:00:00,auth-service,us-east-1,75.27,0.0066,1150.12,41.05,62.69,23.29,0.2032,normal
2026-04-04T03:00:00,auth-service,us-west-2,80.84,0.0113,1080.26,52.79,39.87,18.92,0.2438,normal
2026-04-04T03:00:00,auth-service,eu-central-1,77.04,0.007,1288.18,33.57,50.14,14.11,0.1589,normal
2026-04-04T03:00:00,search-api,us-east-1,98.22,0.0121,723.37,47.19,53.33,13.34,0.2142,normal
2026-04-04T03:00:00,search-api,us-west-2,96.1,0.0038,726.94,38.97,62.78,10.2,0.1641,normal
2026-04-04T03:00:00,search-api,eu-central-1,91.22,0.0068,701.71,34.3,56.35,7.57,0.1478,normal
2026-04-04T03:00:00,notification-service,us-east-1,88.66,0.0116,331.25,40.56,52.06,10.6,0.1846,normal
2026-04-04T03:00:00,notification-service,us-west-2,83.67,0.0055,306.87,43.31,57.99,14.89,0.192,normal
2026-04-04T03:00:00,notification-service,eu-central-1,79.74,0.0088,317.02,38.7,59.38,23.59,0.1995,normal
2026-04-04T03:00:00,analytics-pipeline,us-east-1,190.81,0.0067,188.36,33.08,56.95,28.09,0.1852,normal
2026-04-04T03:00:00,analytics-pipeline,us-west-2,213.42,0.0095,171.01,39.13,49.87,16.89,0.1886,normal
2026-04-04T03:00:00,analytics-pipeline,eu-central-1,174.31,0.0061,188.23,36.0,69.61,24.52,0.1871,normal
2026-04-04T04:00:00,checkout-api,us-east-1,110.36,0.0067,846.84,26.59,59.97,15.94,0.1378,normal
2026-04-04T04:00:00,checkout-api,us-west-2,108.29,0.0064,901.8,30.45,43.27,21.69,0.1625,normal
2026-04-04T04:00:00,checkout-api,eu-central-1,113.88,0.001,945.9,39.32,57.01,6.13,0.152,normal
2026-04-04T04:00:00,billing-worker,us-east-1,133.96,0.0118,368.85,41.73,57.06,33.4,0.2355,normal
2026-04-04T04:00:00,billing-worker,us-west-2,155.18,0.0039,375.06,33.15,48.7,12.74,0.1491,normal
2026-04-04T04:00:00,billing-worker,eu-central-1,157.55,0.0092,403.19,40.97,55.25,18.65,0.1981,normal
2026-04-04T04:00:00,auth-service,us-east-1,74.65,0.0165,1281.48,44.93,62.18,2.62,0.1922,normal
2026-04-04T04:00:00,auth-service,us-west-2,74.38,0.0183,1093.18,48.31,66.36,14.94,0.2325,normal
2026-04-04T04:00:00,auth-service,eu-central-1,73.78,0.0072,1208.77,42.19,68.27,27.19,0.2163,normal
2026-04-04T04:00:00,search-api,us-east-1,95.04,0.0191,704.31,37.3,56.5,11.21,0.1878,normal
2026-04-04T04:00:00,search-api,us-west-2,92.02,0.0087,758.53,29.79,48.63,12.04,0.1446,normal
2026-04-04T04:00:00,search-api,eu-central-1,92.87,0.0108,682.67,53.69,54.53,16.34,0.2407,normal
2026-04-04T04:00:00,notification-service,us-east-1,85.45,0.0135,337.71,42.22,54.43,19.33,0.2117,normal
2026-04-04T04:00:00,notification-service,us-west-2,87.73,0.0077,331.03,27.76,54.5,27.16,0.1665,normal
2026-04-04T04:00:00,notification-service,eu-central-1,94.41,0.0087,286.45,56.22,56.94,37.91,0.29,normal
2026-04-04T04:00:00,analytics-pipeline,us-east-1,174.46,0.0129,168.16,52.65,65.91,9.76,0.2274,normal
2026-04-04T04:00:00,analytics-pipeline,us-west-2,198.17,0.0201,172.49,32.63,59.95,14.91,0.1809,normal
2026-04-04T04:00:00,analytics-pipeline,eu-central-1,159.37,0.0049,177.63,30.21,65.38,21.5,0.1586,normal
2026-04-04T05:00:00,checkout-api,us-east-1,103.65,0.0144,823.85,47.33,48.94,15.49,0.2233,normal
2026-04-04T05:00:00,checkout-api,us-west-2,110.28,0.0069,868.34,47.05,68.36,28.11,0.2346,normal
2026-04-04T05:00:00,checkout-api,eu-central-1,108.81,0.008,795.15,55.33,70.73,1.28,0.2107,normal
2026-04-04T05:00:00,billing-worker,us-east-1,154.86,0.0088,403.86,44.46,56.77,17.98,0.2083,normal
2026-04-04T05:00:00,billing-worker,us-west-2,144.7,0.0135,380.32,37.78,62.48,23.01,0.2036,normal
2026-04-04T05:00:00,billing-worker,eu-central-1,149.98,0.0101,422.43,50.66,59.5,16.37,0.229,normal
2026-04-04T05:00:00,auth-service,us-east-1,78.88,0.0017,1113.08,36.51,59.23,15.02,0.1616,normal
2026-04-04T05:00:00,auth-service,us-west-2,89.29,0.0119,1179.86,59.49,58.06,15.52,0.2613,normal
2026-04-04T05:00:00,auth-service,eu-central-1,82.17,0.0122,1217.53,51.41,55.62,12.87,0.2283,normal
2026-04-04T05:00:00,search-api,us-east-1,89.81,0.0094,763.2,33.83,54.47,7.6,0.1509,normal
2026-04-04T05:00:00,search-api,us-west-2,109.7,0.0121,727.92,32.54,51.13,12.98,0.1622,normal
2026-04-04T05:00:00,search-api,eu-central-1,95.32,0.0041,707.83,51.5,58.16,18.77,0.226,normal
2026-04-04T05:00:00,notification-service,us-east-1,71.37,0.0079,328.37,36.62,48.75,17.45,0.1782,normal
2026-04-04T05:00:00,notification-service,us-west-2,78.37,0.0069,298.28,41.28,64.19,11.46,0.1803,normal
2026-04-04T05:00:00,notification-service,eu-central-1,87.18,0.0031,343.42,46.23,55.45,24.89,0.2183,normal
2026-04-04T05:00:00,analytics-pipeline,us-east-1,167.99,0.0092,193.35,41.82,50.51,26.99,0.2181,normal
2026-04-04T05:00:00,analytics-pipeline,us-west-2,187.56,0.0079,154.99,27.34,47.84,29.56,0.1704,normal
2026-04-04T05:00:00,analytics-pipeline,eu-central-1,184.19,0.0057,187.53,53.42,52.39,21.76,0.2417,normal
2026-04-04T06:00:00,checkout-api,us-east-1,91.79,0.0105,973.98,31.0,58.45,13.05,0.154,normal
2026-04-04T06:00:00,checkout-api,us-west-2,104.33,0.0093,889.87,48.95,61.51,26.16,0.2417,normal
2026-04-04T06:00:00,checkout-api,eu-central-1,113.26,0.0133,837.6,45.19,55.55,11.44,0.2055,normal
2026-04-04T06:00:00,billing-worker,us-east-1,166.9,0.0101,387.73,25.59,56.51,24.03,0.157,normal
2026-04-04T06:00:00,billing-worker,us-west-2,142.84,0.0069,422.27,39.57,55.83,17.22,0.1861,normal
2026-04-04T06:00:00,billing-worker,eu-central-1,142.47,0.0131,400.39,41.46,55.64,16.24,0.2019,normal
2026-04-04T06:00:00,auth-service,us-east-1,84.79,0.0078,1197.68,29.7,60.22,23.37,0.1658,normal
2026-04-04T06:00:00,auth-service,us-west-2,82.37,0.0102,1192.29,44.52,65.22,33.98,0.2438,normal
2026-04-04T06:00:00,auth-service,eu-central-1,76.21,0.0058,1193.47,41.14,62.36,24.06,0.2037,normal
2026-04-04T06:00:00,search-api,us-east-1,96.18,0.0073,731.77,32.27,59.9,11.09,0.1487,normal
2026-04-04T06:00:00,search-api,us-west-2,98.35,0.0095,708.28,32.62,58.4,12.69,0.1572,normal
2026-04-04T06:00:00,search-api,eu-central-1,94.04,0.0117,760.76,31.95,64.34,28.63,0.1915,normal
2026-04-04T06:00:00,notification-service,us-east-1,92.4,0.0101,329.55,55.59,55.92,6.09,0.2252,normal
2026-04-04T06:00:00,notification-service,us-west-2,85.65,0.0101,310.0,32.5,71.34,18.89,0.1706,normal
2026-04-04T06:00:00,notification-service,eu-central-1,90.15,0.0067,300.08,40.61,67.05,12.79,0.1804,normal
2026-04-04T06:00:00,analytics-pipeline,us-east-1,155.47,0.0083,171.86,42.13,51.08,15.58,0.1943,normal
2026-04-04T06:00:00,analytics-pipeline,us-west-2,172.65,0.0124,176.58,48.8,57.73,1.35,0.196,normal
2026-04-04T06:00:00,analytics-pipeline,eu-central-1,153.2,0.0111,184.48,48.83,57.57,4.06,0.1992,normal
2026-04-04T07:00:00,checkout-api,us-east-1,101.13,0.0106,949.78,39.32,54.31,11.95,0.1811,normal
2026-04-04T07:00:00,checkout-api,us-west-2,113.28,0.0124,775.07,51.48,51.91,6.52,0.2158,normal
2026-04-04T07:00:00,checkout-api,eu-central-1,92.28,0.0062,1001.02,61.94,49.75,12.76,0.254,normal
2026-04-04T07:00:00,billing-worker,us-east-1,146.88,0.0106,375.15,29.63,55.32,12.69,0.1488,normal
2026-04-04T07:00:00,billing-worker,us-west-2,125.24,0.0096,351.34,28.44,68.24,25.35,0.1686,normal
2026-04-04T07:00:00,billing-worker,eu-central-1,161.19,0.0095,376.74,41.33,48.92,23.79,0.2104,normal
2026-04-04T07:00:00,auth-service,us-east-1,76.62,0.0078,1016.66,41.14,68.98,29.32,0.218,normal
2026-04-04T07:00:00,auth-service,us-west-2,80.09,0.0076,1160.75,46.34,59.39,26.18,0.2295,normal
2026-04-04T07:00:00,auth-service,eu-central-1,71.24,0.001,976.82,34.89,48.82,23.19,0.1713,normal
2026-04-04T07:00:00,search-api,us-east-1,102.92,0.009,742.26,42.61,59.24,14.32,0.1946,normal
2026-04-04T07:00:00,search-api,us-west-2,92.15,0.0137,706.1,41.68,66.09,25.69,0.223,normal
2026-04-04T07:00:00,search-api,eu-central-1,92.24,0.01,672.83,43.04,60.19,17.99,0.2054,normal
2026-04-04T07:00:00,notification-service,us-east-1,86.14,0.0104,279.1,35.56,58.59,14.16,0.1722,normal
2026-04-04T07:00:00,notification-service,us-west-2,78.8,0.0081,364.7,40.22,53.72,14.25,0.1844,normal
2026-04-04T07:00:00,notification-service,eu-central-1,77.33,0.0109,311.07,49.12,64.17,22.48,0.2375,normal
2026-04-04T07:00:00,analytics-pipeline,us-east-1,194.49,0.0087,155.73,41.5,62.36,5.92,0.173,normal
2026-04-04T07:00:00,analytics-pipeline,us-west-2,163.32,0.0133,179.72,52.53,62.56,18.52,0.2457,normal
2026-04-04T07:00:00,analytics-pipeline,eu-central-1,186.09,0.0123,174.63,40.36,60.19,15.54,0.1952,normal
2026-04-04T08:00:00,checkout-api,us-east-1,124.51,0.006,1076.86,31.9,65.11,14.84,0.1528,normal
2026-04-04T08:00:00,checkout-api,us-west-2,106.38,0.0082,1174.87,30.65,58.66,13.51,0.1496,normal
2026-04-04T08:00:00,checkout-api,eu-central-1,113.85,0.0114,1090.79,34.44,61.91,27.35,0.1971,normal
2026-04-04T08:00:00,billing-worker,us-east-1,153.69,0.0084,539.61,23.56,54.48,10.38,0.1188,normal
2026-04-04T08:00:00,billing-worker,us-west-2,133.65,0.0112,519.43,44.22,57.2,22.85,0.2217,normal
2026-04-04T08:00:00,billing-worker,eu-central-1,153.88,0.0068,535.4,34.74,69.95,7.81,0.1497,normal
2026-04-04T08:00:00,auth-service,us-east-1,73.42,0.0048,1528.8,52.3,53.03,31.91,0.2569,normal
2026-04-04T08:00:00,auth-service,us-west-2,83.23,0.0105,1483.44,49.08,38.81,12.02,0.2153,normal
2026-04-04T08:00:00,auth-service,eu-central-1,80.64,0.0088,1705.62,36.71,49.11,16.32,0.1778,normal
2026-04-04T08:00:00,search-api,us-east-1,99.34,0.0157,872.63,43.24,66.63,12.73,0.2056,normal
2026-04-04T08:00:00,search-api,us-west-2,91.75,0.0043,986.87,48.5,62.08,19.93,0.2182,normal
2026-04-04T08:00:00,search-api,eu-central-1,102.38,0.0085,984.64,48.42,66.9,22.03,0.2299,normal
2026-04-04T08:00:00,notification-service,us-east-1,85.65,0.0118,407.1,28.18,69.05,19.08,0.1589,normal
2026-04-04T08:00:00,notification-service,us-west-2,78.16,0.0067,436.36,42.57,52.92,25.81,0.2139,normal
2026-04-04T08:00:00,notification-service,eu-central-1,73.86,0.02,416.79,55.05,62.63,4.79,0.2385,normal
2026-04-04T08:00:00,analytics-pipeline,us-east-1,163.08,0.0092,234.96,38.67,58.18,19.28,0.1914,normal
2026-04-04T08:00:00,analytics-pipeline,us-west-2,164.2,0.0092,257.13,36.92,51.2,23.22,0.1934,normal
2026-04-04T08:00:00,analytics-pipeline,eu-central-1,199.03,0.0131,224.94,41.42,59.48,16.35,0.202,normal
2026-04-04T09:00:00,checkout-api,us-east-1,108.38,0.0133,1190.14,41.92,56.72,32.08,0.2362,normal
2026-04-04T09:00:00,checkout-api,us-west-2,95.04,0.0169,1200.73,42.7,53.01,32.45,0.2462,normal
2026-04-04T09:00:00,checkout-api,eu-central-1,425.76,0.107,918.57,37.62,58.78,68.55,0.4645,cache_misconfiguration_after_deploy
2026-04-04T09:00:00,billing-worker,us-east-1,136.91,0.0093,525.95,46.14,57.14,7.58,0.1937,normal
2026-04-04T09:00:00,billing-worker,us-west-2,151.49,0.0114,565.05,49.36,58.21,8.96,0.2116,normal
2026-04-04T09:00:00,billing-worker,eu-central-1,176.11,0.0063,517.59,47.9,61.55,28.5,0.2374,normal
2026-04-04T09:00:00,auth-service,us-east-1,69.0,0.0063,1538.83,32.29,53.89,28.92,0.1835,normal
2026-04-04T09:00:00,auth-service,us-west-2,76.82,0.0086,1484.03,42.38,57.87,9.5,0.1832,normal
2026-04-04T09:00:00,auth-service,eu-central-1,79.73,0.004,1620.51,39.33,42.37,5.75,0.1565,normal
2026-04-04T09:00:00,search-api,us-east-1,97.26,0.0056,1035.64,52.92,72.61,25.06,0.2465,normal
2026-04-04T09:00:00,search-api,us-west-2,105.22,0.0066,1012.31,38.55,57.75,7.23,0.1616,normal
2026-04-04T09:00:00,search-api,eu-central-1,95.53,0.0106,949.36,33.24,64.35,25.23,0.187,normal
2026-04-04T09:00:00,notification-service,us-east-1,84.5,0.0121,460.55,34.21,57.85,3.26,0.1482,normal
2026-04-04T09:00:00,notification-service,us-west-2,78.13,0.0107,420.71,45.11,60.6,1.65,0.1805,normal
2026-04-04T09:00:00,notification-service,eu-central-1,81.82,0.015,439.79,42.98,53.2,5.29,0.1883,normal
2026-04-04T09:00:00,analytics-pipeline,us-east-1,157.47,0.0204,229.86,35.09,58.86,2.62,0.1649,normal
2026-04-04T09:00:00,analytics-pipeline,us-west-2,200.19,0.0158,223.44,44.57,51.83,24.82,0.2352,normal
2026-04-04T09:00:00,analytics-pipeline,eu-central-1,168.15,0.0084,246.76,46.17,55.82,5.92,0.1889,normal
2026-04-04T10:00:00,checkout-api,us-east-1,91.8,0.0138,1188.81,42.46,66.84,19.17,0.2126,normal
2026-04-04T10:00:00,checkout-api,us-west-2,99.03,0.0086,1154.23,41.89,75.47,22.62,0.2083,normal
2026-04-04T10:00:00,checkout-api,eu-central-1,397.37,0.068,807.2,46.02,44.98,63.08,0.4125,cache_misconfiguration_after_deploy
2026-04-04T10:00:00,billing-worker,us-east-1,127.58,0.0016,489.11,25.84,67.68,27.93,0.1505,normal
2026-04-04T10:00:00,billing-worker,us-west-2,133.94,0.0172,529.32,21.87,58.23,10.04,0.128,normal
2026-04-04T10:00:00,billing-worker,eu-central-1,124.96,0.008,541.71,45.55,47.87,12.72,0.1998,normal
2026-04-04T10:00:00,auth-service,us-east-1,70.52,0.0136,1518.56,34.19,51.7,2.27,0.1487,normal
2026-04-04T10:00:00,auth-service,us-west-2,70.0,0.0126,1382.48,43.54,57.28,24.52,0.2252,normal
2026-04-04T10:00:00,auth-service,eu-central-1,68.19,0.0126,1642.39,60.29,46.67,17.75,0.2701,normal
2026-04-04T10:00:00,search-api,us-east-1,93.48,0.0095,905.75,48.86,74.51,30.04,0.2495,normal
2026-04-04T10:00:00,search-api,us-west-2,87.8,0.0067,986.24,43.08,52.72,27.89,0.2199,normal
2026-04-04T10:00:00,search-api,eu-central-1,99.02,0.0131,943.77,52.23,54.79,9.06,0.2249,normal
2026-04-04T10:00:00,notification-service,us-east-1,85.01,0.0034,466.52,47.87,46.25,19.37,0.2133,normal
2026-04-04T10:00:00,notification-service,us-west-2,90.84,0.0076,448.38,37.32,57.57,17.32,0.1797,normal
2026-04-04T10:00:00,notification-service,eu-central-1,88.35,0.0051,414.88,44.64,54.48,22.16,0.2108,normal
2026-04-04T10:00:00,analytics-pipeline,us-east-1,172.82,0.0037,240.33,44.13,63.19,15.28,0.1925,normal
2026-04-04T10:00:00,analytics-pipeline,us-west-2,174.9,0.0141,212.51,55.94,61.66,17.54,0.257,normal
2026-04-04T10:00:00,analytics-pipeline,eu-central-1,181.38,0.0114,223.04,44.22,51.33,3.19,0.1819,normal
2026-04-04T11:00:00,checkout-api,us-east-1,106.74,0.0094,1196.41,46.46,62.96,24.34,0.2293,normal
2026-04-04T11:00:00,checkout-api,us-west-2,96.14,0.0139,1312.69,37.46,49.18,23.5,0.2042,normal
2026-04-04T11:00:00,checkout-api,eu-central-1,417.28,0.111,898.0,41.69,60.69,95.56,0.5411,cache_misconfiguration_after_deploy
2026-04-04T11:00:00,billing-worker,us-east-1,159.63,0.0054,513.13,39.02,56.89,16.83,0.1808,normal
2026-04-04T11:00:00,billing-worker,us-west-2,143.29,0.0019,511.57,42.54,55.32,0,0.1523,normal
2026-04-04T11:00:00,billing-worker,eu-central-1,136.95,0.0064,490.47,54.86,64.54,16.51,0.2373,normal
2026-04-04T11:00:00,auth-service,us-east-1,78.65,0.0222,1452.19,45.8,53.81,29.93,0.2615,normal
2026-04-04T11:00:00,auth-service,us-west-2,81.71,0.0085,1571.51,35.61,46.88,24.77,0.1906,normal
2026-04-04T11:00:00,auth-service,eu-central-1,84.9,0.0078,1485.57,27.61,73.14,8.37,0.1277,normal
2026-04-04T11:00:00,search-api,us-east-1,87.62,0.0082,1008.8,42.43,57.89,18.17,0.2005,normal
2026-04-04T11:00:00,search-api,us-west-2,101.51,0.0089,959.18,41.41,50.2,28.8,0.2198,normal
2026-04-04T11:00:00,search-api,eu-central-1,89.72,0.0037,931.17,42.26,63.79,6.19,0.1672,normal
2026-04-04T11:00:00,notification-service,us-east-1,76.35,0.0097,447.58,33.19,50.04,19.41,0.1733,normal
2026-04-04T11:00:00,notification-service,us-west-2,84.03,0.0025,420.21,53.93,50.56,26.43,0.2473,normal
2026-04-04T11:00:00,notification-service,eu-central-1,74.54,0.015,474.04,36.91,53.22,23.05,0.2033,normal
2026-04-04T11:00:00,analytics-pipeline,us-east-1,162.08,0.0112,245.79,44.11,60.3,16.73,0.2088,normal
2026-04-04T11:00:00,analytics-pipeline,us-west-2,194.55,0.0057,250.06,41.81,55.72,4.88,0.1666,normal
2026-04-04T11:00:00,analytics-pipeline,eu-central-1,173.65,0.01,246.08,29.04,57.12,12.49,0.1451,normal
2026-04-04T12:00:00,checkout-api,us-east-1,94.9,0.009,1115.59,49.0,39.05,23.92,0.2367,normal
2026-04-04T12:00:00,checkout-api,us-west-2,88.94,0.0012,1188.88,39.28,58.91,10.23,0.1605,normal
2026-04-04T12:00:00,checkout-api,eu-central-1,355.76,0.0514,832.24,47.58,55.06,48.8,0.3588,cache_misconfiguration_after_deploy
2026-04-04T12:00:00,billing-worker,us-east-1,147.74,0.0044,459.74,20.91,57.87,18.77,0.1196,normal
2026-04-04T12:00:00,billing-worker,us-west-2,156.22,0.006,483.57,30.03,63.34,12.98,0.1425,normal
2026-04-04T12:00:00,billing-worker,eu-central-1,156.51,0.0087,505.46,27.06,53.25,24.34,0.1601,normal
2026-04-04T12:00:00,auth-service,us-east-1,71.33,0.0117,1401.16,50.15,77.58,26.96,0.2518,normal
2026-04-04T12:00:00,auth-service,us-west-2,76.94,0.004,1485.34,36.74,59.31,1.78,0.1395,normal
2026-04-04T12:00:00,auth-service,eu-central-1,69.8,0.0122,1536.08,47.96,64.0,8.81,0.2078,normal
2026-04-04T12:00:00,search-api,us-east-1,84.73,0.0109,953.2,42.63,52.29,26.18,0.2223,normal
2026-04-04T12:00:00,search-api,us-west-2,98.79,0.0136,934.99,47.56,57.59,10.45,0.2123,normal
2026-04-04T12:00:00,search-api,eu-central-1,94.39,0.0024,943.18,43.43,62.88,9.54,0.1758,normal
2026-04-04T12:00:00,notification-service,us-east-1,75.94,0.0061,394.3,36.75,76.38,19.16,0.1787,normal
2026-04-04T12:00:00,notification-service,us-west-2,79.82,0.0063,477.53,32.65,57.2,17.37,0.1611,normal
2026-04-04T12:00:00,notification-service,eu-central-1,80.0,0.0061,402.82,35.26,67.13,29.37,0.1945,normal
2026-04-04T12:00:00,analytics-pipeline,us-east-1,175.93,0.0118,237.06,42.88,57.04,27.76,0.2281,normal
2026-04-04T12:00:00,analytics-pipeline,us-west-2,188.22,0.0081,229.13,49.5,53.83,12.24,0.2128,normal
2026-04-04T12:00:00,analytics-pipeline,eu-central-1,176.03,0.007,246.25,44.86,57.38,13.77,0.1978,normal
2026-04-04T13:00:00,checkout-api,us-east-1,116.92,0.0108,1278.1,49.3,56.49,13.59,0.2197,normal
2026-04-04T13:00:00,checkout-api,us-west-2,102.6,0.0097,1204.22,45.9,69.03,5.8,0.19,normal
2026-04-04T13:00:00,checkout-api,eu-central-1,389.39,0.0281,792.11,50.18,53.43,44.95,0.3181,cache_misconfiguration_after_deploy
2026-04-04T13:00:00,billing-worker,us-east-1,127.32,0.0136,504.3,49.75,50.24,0,0.1985,normal
2026-04-04T13:00:00,billing-worker,us-west-2,138.08,0.0125,498.27,45.17,50.44,29.17,0.2403,normal
2026-04-04T13:00:00,billing-worker,eu-central-1,150.03,0.0132,505.37,52.27,58.51,14.08,0.2355,normal
2026-04-04T13:00:00,auth-service,us-east-1,71.15,0.0092,1456.63,32.42,58.91,23.7,0.1785,normal
2026-04-04T13:00:00,auth-service,us-west-2,73.25,0.0124,1644.24,31.83,59.8,10.26,0.1547,normal
2026-04-04T13:00:00,auth-service,eu-central-1,71.12,0.0097,1346.59,46.86,63.89,22.35,0.2272,normal
2026-04-04T13:00:00,search-api,us-east-1,99.94,0.0163,934.42,50.77,68.15,21.94,0.2519,normal
2026-04-04T13:00:00,search-api,us-west-2,81.4,0.0084,937.81,29.0,57.57,24.06,0.1658,normal
2026-04-04T13:00:00,search-api,eu-central-1,93.03,0.0083,1020.53,37.06,51.38,18.31,0.1821,normal
2026-04-04T13:00:00,notification-service,us-east-1,92.64,0.0114,440.76,38.04,66.65,25.1,0.205,normal
2026-04-04T13:00:00,notification-service,us-west-2,73.17,0.0103,387.1,54.0,62.29,12.95,0.2341,normal
2026-04-04T13:00:00,notification-service,eu-central-1,76.2,0.0078,401.25,46.52,54.41,3.8,0.1846,normal
2026-04-04T13:00:00,analytics-pipeline,us-east-1,179.69,0.0137,217.27,39.14,70.74,19.47,0.2016,normal
2026-04-04T13:00:00,analytics-pipeline,us-west-2,171.97,0.0098,240.7,33.94,57.31,4.9,0.1463,normal
2026-04-04T13:00:00,analytics-pipeline,eu-central-1,157.12,0.0028,241.44,44.48,63.13,27.75,0.2175,normal
2026-04-04T14:00:00,checkout-api,us-east-1,105.38,0.0099,1182.12,45.74,50.53,15.79,0.2103,normal
2026-04-04T14:00:00,checkout-api,us-west-2,103.71,0.0091,1116.1,40.92,60.01,19.49,0.1995,normal
2026-04-04T14:00:00,checkout-api,eu-central-1,406.84,0.1045,857.37,67.14,63.89,128.32,0.6855,cache_misconfiguration_after_deploy
2026-04-04T14:00:00,billing-worker,us-east-1,152.3,0.0065,571.17,51.04,66.76,23.84,0.2391,normal
2026-04-04T14:00:00,billing-worker,us-west-2,145.55,0.0044,523.42,39.15,55.19,0.86,0.1467,normal
2026-04-04T14:00:00,billing-worker,eu-central-1,163.0,0.0043,484.6,45.73,61.98,11.64,0.1916,normal
2026-04-04T14:00:00,auth-service,us-east-1,74.95,0.01,1536.73,46.22,63.44,15.05,0.2106,normal
2026-04-04T14:00:00,auth-service,us-west-2,65.24,0.0177,1496.0,34.05,63.26,22.69,0.1974,normal
2026-04-04T14:00:00,auth-service,eu-central-1,71.28,0.0184,1348.07,52.26,57.73,20.47,0.258,normal
2026-04-04T14:00:00,search-api,us-east-1,97.42,0.0081,966.52,31.54,55.2,32.82,0.1921,normal
2026-04-04T14:00:00,search-api,us-west-2,75.34,0.0139,846.69,35.15,64.16,14.71,0.1782,normal
2026-04-04T14:00:00,search-api,eu-central-1,90.58,0.003,945.9,40.57,53.5,5.46,0.1585,normal
2026-04-04T14:00:00,notification-service,us-east-1,86.05,0.0107,463.88,46.12,68.67,27.61,0.2371,normal
2026-04-04T14:00:00,notification-service,us-west-2,65.73,0.0157,436.91,33.58,61.03,25.69,0.1983,normal
2026-04-04T14:00:00,notification-service,eu-central-1,74.43,0.004,454.09,37.55,68.24,19.73,0.1791,normal
2026-04-04T14:00:00,analytics-pipeline,us-east-1,172.03,0.0037,238.64,28.18,48.84,7.47,0.1205,normal
2026-04-04T14:00:00,analytics-pipeline,us-west-2,204.59,0.0158,229.25,38.92,62.91,27.99,0.222,normal
2026-04-04T14:00:00,analytics-pipeline,eu-central-1,168.31,0.0178,229.42,51.08,41.4,17.57,0.2468,normal
2026-04-04T15:00:00,checkout-api,us-east-1,99.11,0.017,1146.66,31.76,71.7,12.49,0.1673,normal
2026-04-04T15:00:00,checkout-api,us-west-2,104.96,0.004,1197.73,43.54,55.96,14.76,0.1897,normal
2026-04-04T15:00:00,checkout-api,eu-central-1,370.66,0.0519,776.45,69.75,64.27,30.03,0.399,cache_misconfiguration_after_deploy
2026-04-04T15:00:00,billing-worker,us-east-1,131.42,0.0106,569.66,40.35,55.79,15.97,0.193,normal
2026-04-04T15:00:00,billing-worker,us-west-2,147.89,0.0083,539.79,49.88,61.87,30.64,0.2522,normal
2026-04-04T15:00:00,billing-worker,eu-central-1,142.29,0.0068,587.71,26.48,47.03,0,0.1049,normal
2026-04-04T15:00:00,auth-service,us-east-1,77.15,0.0047,1604.84,25.14,57.03,14.85,0.1268,normal
2026-04-04T15:00:00,auth-service,us-west-2,68.49,0.0135,1494.87,45.6,54.29,19.2,0.2232,normal
2026-04-04T15:00:00,auth-service,eu-central-1,72.3,0.0093,1517.41,36.52,61.07,16.5,0.1783,normal
2026-04-04T15:00:00,search-api,us-east-1,87.59,0.0048,972.35,52.66,48.78,14.63,0.2229,normal
2026-04-04T15:00:00,search-api,us-west-2,98.43,0.0132,985.0,32.48,58.25,25.21,0.189,normal
2026-04-04T15:00:00,search-api,eu-central-1,96.82,0.0081,895.97,43.32,57.54,18.25,0.2035,normal
2026-04-04T15:00:00,notification-service,us-east-1,95.25,0.0138,421.97,43.85,55.81,18.79,0.2167,normal
2026-04-04T15:00:00,notification-service,us-west-2,96.15,0.0127,440.07,36.71,56.85,20.91,0.1941,normal
2026-04-04T15:00:00,notification-service,eu-central-1,81.59,0.0134,439.63,32.5,72.38,0,0.1379,normal
2026-04-04T15:00:00,analytics-pipeline,us-east-1,176.09,0.0085,243.11,50.94,68.24,30.52,0.256,normal
2026-04-04T15:00:00,analytics-pipeline,us-west-2,184.58,0.0095,243.44,41.78,49.13,14.34,0.1926,normal
2026-04-04T15:00:00,analytics-pipeline,eu-central-1,189.58,0.0115,219.13,51.61,60.17,5.93,0.2134,normal
2026-04-04T16:00:00,checkout-api,us-east-1,108.94,0.013,1189.47,39.5,52.36,27.0,0.2169,normal
2026-04-04T16:00:00,checkout-api,us-west-2,106.9,0.009,1136.09,33.7,44.81,15.23,0.1653,normal
2026-04-04T16:00:00,checkout-api,eu-central-1,423.09,0.1025,806.36,73.24,56.39,43.61,0.5301,cache_misconfiguration_after_deploy
2026-04-04T16:00:00,billing-worker,us-east-1,156.39,0.0146,502.53,32.19,57.55,0,0.1388,normal
2026-04-04T16:00:00,billing-worker,us-west-2,145.61,0.0151,519.32,36.11,62.98,14.03,0.1823,normal
2026-04-04T16:00:00,billing-worker,eu-central-1,159.75,0.0076,563.98,39.17,59.34,10.46,0.1721,normal
2026-04-04T16:00:00,auth-service,us-east-1,67.29,0.0104,1551.4,34.19,61.94,14.68,0.1684,normal
2026-04-04T16:00:00,auth-service,us-west-2,71.67,0.0087,1554.67,47.83,66.69,21.06,0.2261,normal
2026-04-04T16:00:00,auth-service,eu-central-1,70.61,0.0062,1552.81,32.4,56.8,14.91,0.1551,normal
2026-04-04T16:00:00,search-api,us-east-1,94.24,0.0097,1000.49,55.15,64.21,26.1,0.2639,normal
2026-04-04T16:00:00,search-api,us-west-2,86.84,0.0132,1012.48,31.13,75.75,13.45,0.1601,normal
2026-04-04T16:00:00,search-api,eu-central-1,76.82,0.0161,954.59,35.56,53.97,26.59,0.2078,normal
2026-04-04T16:00:00,notification-service,us-east-1,86.75,0.0075,464.15,34.47,52.03,13.49,0.1617,normal
2026-04-04T16:00:00,notification-service,us-west-2,79.9,0.0118,434.2,33.55,54.77,2.07,0.1428,normal
2026-04-04T16:00:00,notification-service,eu-central-1,86.13,0.0094,452.41,40.11,60.8,10.5,0.1788,normal
2026-04-04T16:00:00,analytics-pipeline,us-east-1,180.36,0.0096,217.9,46.7,59.0,18.41,0.2184,normal
2026-04-04T16:00:00,analytics-pipeline,us-west-2,173.09,0.017,231.8,35.84,52.03,22.74,0.2026,normal
2026-04-04T16:00:00,analytics-pipeline,eu-central-1,176.97,0.0058,223.52,49.48,58.6,26.44,0.2378,normal
2026-04-04T17:00:00,checkout-api,us-east-1,104.86,0.0043,1208.59,44.55,53.4,15.52,0.1953,normal
2026-04-04T17:00:00,checkout-api,us-west-2,96.81,0.0123,1135.15,45.83,59.82,15.92,0.2151,normal
2026-04-04T17:00:00,checkout-api,eu-central-1,108.12,0.008,1091.54,38.66,49.73,24.04,0.1989,normal
2026-04-04T17:00:00,billing-worker,us-east-1,152.56,0.0067,528.04,43.97,64.83,10.52,0.1874,normal
2026-04-04T17:00:00,billing-worker,us-west-2,145.29,0.005,495.14,52.95,43.91,10.67,0.2162,normal
2026-04-04T17:00:00,billing-worker,eu-central-1,150.66,0.0121,492.59,25.74,45.95,20.93,0.1547,normal
2026-04-04T17:00:00,auth-service,us-east-1,81.62,0.0126,1469.94,52.81,56.68,22.92,0.2544,normal
2026-04-04T17:00:00,auth-service,us-west-2,73.85,0.0154,1486.13,24.82,55.79,19.52,0.1545,normal
2026-04-04T17:00:00,auth-service,eu-central-1,76.66,0.0061,1507.61,32.92,56.36,18.69,0.1645,normal
2026-04-04T17:00:00,search-api,us-east-1,96.83,0.0156,857.98,46.14,61.03,8.74,0.2074,normal
2026-04-04T17:00:00,search-api,us-west-2,95.53,0.009,904.65,47.76,71.36,23.38,0.2311,normal
2026-04-04T17:00:00,search-api,eu-central-1,100.9,0.0133,945.54,49.78,52.35,19.43,0.2378,normal
2026-04-04T17:00:00,notification-service,us-east-1,89.79,0.0142,432.98,39.66,61.27,17.36,0.1999,normal
2026-04-04T17:00:00,notification-service,us-west-2,85.93,0.0122,422.68,48.99,60.65,15.89,0.2259,normal
2026-04-04T17:00:00,notification-service,eu-central-1,76.5,0.0065,438.24,49.49,44.25,23.67,0.2333,normal
2026-04-04T17:00:00,analytics-pipeline,us-east-1,182.76,0.0045,241.54,45.16,61.04,10.2,0.187,normal
2026-04-04T17:00:00,analytics-pipeline,us-west-2,164.1,0.0126,247.75,44.91,56.65,14.4,0.2094,normal
2026-04-04T17:00:00,analytics-pipeline,eu-central-1,155.4,0.0129,230.72,51.8,52.98,26.37,0.2585,normal
2026-04-04T18:00:00,checkout-api,us-east-1,99.03,0.0113,1236.93,36.4,64.32,17.94,0.1845,normal
2026-04-04T18:00:00,checkout-api,us-west-2,97.16,0.0098,1195.55,36.32,56.14,13.48,0.1723,normal
2026-04-04T18:00:00,checkout-api,eu-central-1,98.57,0.0082,1205.65,38.06,66.66,14.98,0.1785,normal
2026-04-04T18:00:00,billing-worker,us-east-1,137.05,0.0133,547.56,36.83,62.07,8.76,0.1707,normal
2026-04-04T18:00:00,billing-worker,us-west-2,140.31,0.0075,530.11,32.04,54.45,12.53,0.1513,normal
2026-04-04T18:00:00,billing-worker,eu-central-1,146.16,0.0041,478.95,64.42,59.48,6.06,0.2453,normal
2026-04-04T18:00:00,auth-service,us-east-1,79.96,0.0038,1384.96,55.22,66.67,11.34,0.2233,normal
2026-04-04T18:00:00,auth-service,us-west-2,68.51,0.0109,1675.86,46.75,62.57,8.61,0.2008,normal
2026-04-04T18:00:00,auth-service,eu-central-1,64.42,0.0105,1600.16,43.08,57.96,28.95,0.2289,normal
2026-04-04T18:00:00,search-api,us-east-1,88.68,0.0133,990.07,37.06,58.85,18.86,0.1923,normal
2026-04-04T18:00:00,search-api,us-west-2,99.37,0.0051,940.83,42.71,58.19,18.17,0.1959,normal
2026-04-04T18:00:00,search-api,eu-central-1,96.88,0.0082,928.51,50.15,53.55,15.48,0.222,normal
2026-04-04T18:00:00,notification-service,us-east-1,79.08,0.0045,448.73,41.66,57.07,21.57,0.198,normal
2026-04-04T18:00:00,notification-service,us-west-2,83.84,0.0117,477.68,44.75,56.16,31.05,0.2412,normal
2026-04-04T18:00:00,notification-service,eu-central-1,89.73,0.0024,467.56,43.66,63.88,8.89,0.1754,normal
2026-04-04T18:00:00,analytics-pipeline,us-east-1,167.96,0.0064,238.0,33.13,53.11,25.51,0.1797,normal
2026-04-04T18:00:00,analytics-pipeline,us-west-2,170.88,0.0095,221.71,28.59,57.42,17.05,0.152,normal
2026-04-04T18:00:00,analytics-pipeline,eu-central-1,159.69,0.0128,240.99,48.96,54.48,8.97,0.2128,normal
2026-04-04T19:00:00,checkout-api,us-east-1,104.25,0.0096,864.21,37.37,51.14,12.2,0.1731,normal
2026-04-04T19:00:00,checkout-api,us-west-2,104.31,0.0071,967.35,39.82,61.11,14.33,0.1814,normal
2026-04-04T19:00:00,checkout-api,eu-central-1,103.48,0.0052,846.82,30.22,43.72,28.53,0.1734,normal
2026-04-04T19:00:00,billing-worker,us-east-1,132.96,0.0107,383.26,37.53,62.99,13.62,0.1785,normal
2026-04-04T19:00:00,billing-worker,us-west-2,149.94,0.0075,410.38,49.5,58.44,26.6,0.2413,normal
2026-04-04T19:00:00,billing-worker,eu-central-1,150.73,0.0151,383.35,29.86,59.45,19.86,0.1723,normal
2026-04-04T19:00:00,auth-service,us-east-1,72.85,0.0082,1130.07,32.16,69.77,11.91,0.1516,normal
2026-04-04T19:00:00,auth-service,us-west-2,68.69,0.0028,1087.9,41.69,68.12,22.69,0.1973,normal
2026-04-04T19:00:00,auth-service,eu-central-1,70.71,0.0041,1067.58,41.34,63.94,14.22,0.1812,normal
2026-04-04T19:00:00,search-api,us-east-1,106.92,0.0166,724.76,25.01,65.47,17.22,0.1526,normal
2026-04-04T19:00:00,search-api,us-west-2,99.96,0.0129,671.35,42.49,59.2,12.09,0.1966,normal
2026-04-04T19:00:00,search-api,eu-central-1,100.16,0.0085,698.99,56.71,59.13,30.79,0.2768,normal
2026-04-04T19:00:00,notification-service,us-east-1,83.96,0.0131,315.24,43.14,65.39,0.95,0.1765,normal
2026-04-04T19:00:00,notification-service,us-west-2,88.56,0.0079,354.16,43.39,57.46,7.95,0.1824,normal
2026-04-04T19:00:00,notification-service,eu-central-1,104.53,0.0061,324.31,36.32,55.91,19.7,0.1784,normal
2026-04-04T19:00:00,analytics-pipeline,us-east-1,161.13,0.0131,171.85,46.68,43.54,13.9,0.2154,normal
2026-04-04T19:00:00,analytics-pipeline,us-west-2,175.76,0.0075,167.32,44.4,60.77,10.3,0.1899,normal
2026-04-04T19:00:00,analytics-pipeline,eu-central-1,152.32,0.0118,171.19,50.35,63.94,17.16,0.2327,normal
2026-04-04T20:00:00,checkout-api,us-east-1,93.23,0.0076,833.2,51.7,46.37,25.15,0.246,normal
2026-04-04T20:00:00,checkout-api,us-west-2,92.32,0.0068,795.04,36.51,54.95,20.88,0.1827,normal
2026-04-04T20:00:00,checkout-api,eu-central-1,100.12,0.0117,971.2,43.24,50.09,16.58,0.2063,normal
2026-04-04T20:00:00,billing-worker,us-east-1,143.79,0.0076,414.6,51.02,71.65,22.08,0.2374,normal
2026-04-04T20:00:00,billing-worker,us-west-2,114.74,0.0085,402.74,35.66,53.85,25.1,0.1914,normal
2026-04-04T20:00:00,billing-worker,eu-central-1,146.57,0.0046,371.92,17.83,57.94,8.4,0.0878,normal
2026-04-04T20:00:00,auth-service,us-east-1,74.66,0.0043,1081.57,37.94,76.98,8.67,0.1583,normal
2026-04-04T20:00:00,auth-service,us-west-2,68.02,0.0069,1227.21,48.23,62.71,15.44,0.2128,normal
2026-04-04T20:00:00,auth-service,eu-central-1,75.71,0.006,1136.2,35.66,48.02,10.19,0.1564,normal
2026-04-04T20:00:00,search-api,us-east-1,109.26,0.0105,682.97,41.12,54.87,27.52,0.2192,normal
2026-04-04T20:00:00,search-api,us-west-2,94.73,0.0065,748.3,44.48,53.28,11.92,0.1918,normal
2026-04-04T20:00:00,search-api,eu-central-1,95.99,0.0026,675.48,49.88,63.84,26.7,0.2338,normal
2026-04-04T20:00:00,notification-service,us-east-1,81.99,0.0067,325.28,38.22,66.68,16.23,0.1789,normal
2026-04-04T20:00:00,notification-service,us-west-2,93.92,0.0062,338.94,54.67,52.87,12.86,0.2288,normal
2026-04-04T20:00:00,notification-service,eu-central-1,80.96,0.0027,324.73,36.93,72.99,14.23,0.1631,normal
2026-04-04T20:00:00,analytics-pipeline,us-east-1,149.86,0.0127,185.27,41.7,59.89,23.58,0.217,normal
2026-04-04T20:00:00,analytics-pipeline,us-west-2,171.97,0.0091,176.28,54.94,67.57,19.29,0.2482,normal
2026-04-04T20:00:00,analytics-pipeline,eu-central-1,161.03,0.0124,174.08,51.11,58.29,19.39,0.241,normal
2026-04-04T21:00:00,checkout-api,us-east-1,110.28,0.0061,836.73,59.93,52.02,25.27,0.2725,normal
2026-04-04T21:00:00,checkout-api,us-west-2,110.49,0.0122,949.34,31.47,64.44,1.84,0.1358,normal
2026-04-04T21:00:00,checkout-api,eu-central-1,105.33,0.0103,930.52,50.46,51.55,15.83,0.2275,normal
2026-04-04T21:00:00,billing-worker,us-east-1,143.07,0.0063,366.01,36.78,65.75,28.63,0.1986,normal
2026-04-04T21:00:00,billing-worker,us-west-2,153.35,0.0156,388.29,33.45,53.46,19.56,0.1851,normal
2026-04-04T21:00:00,billing-worker,eu-central-1,156.47,0.0137,364.09,49.47,54.28,22.64,0.2442,normal
2026-04-04T21:00:00,auth-service,us-east-1,80.29,0.0148,1110.62,43.88,60.83,14.69,0.2103,normal
2026-04-04T21:00:00,auth-service,us-west-2,75.46,0.0113,1028.96,36.93,73.63,21.52,0.1936,normal
2026-04-04T21:00:00,auth-service,eu-central-1,71.67,0.0018,1079.12,46.04,62.54,21.47,0.2083,normal
2026-04-04T21:00:00,search-api,us-east-1,99.29,0.0066,789.57,33.16,61.38,15.89,0.1605,normal
2026-04-04T21:00:00,search-api,us-west-2,82.27,0.0125,704.42,47.55,66.57,19.27,0.2284,normal
2026-04-04T21:00:00,search-api,eu-central-1,90.02,0.0081,713.85,53.31,63.73,30.43,0.2635,normal
2026-04-04T21:00:00,notification-service,us-east-1,89.93,0.006,350.4,49.59,57.07,21.62,0.2286,normal
2026-04-04T21:00:00,notification-service,us-west-2,82.8,0.004,329.02,47.97,55.45,0.4,0.176,normal
2026-04-04T21:00:00,notification-service,eu-central-1,79.62,0.0133,335.62,50.8,52.77,14.69,0.2317,normal
2026-04-04T21:00:00,analytics-pipeline,us-east-1,165.78,0.0059,180.32,43.08,54.6,20.32,0.2031,normal
2026-04-04T21:00:00,analytics-pipeline,us-west-2,161.5,0.0075,158.04,30.22,48.65,9.36,0.1383,normal
2026-04-04T21:00:00,analytics-pipeline,eu-central-1,201.89,0.0144,188.59,37.42,62.14,9.07,0.1754,normal
2026-04-04T22:00:00,checkout-api,us-east-1,100.45,0.0099,784.56,43.54,62.08,1.71,0.1738,normal
2026-04-04T22:00:00,checkout-api,us-west-2,84.9,0.0079,866.32,43.12,50.19,22.47,0.2111,normal
2026-04-04T22:00:00,checkout-api,eu-central-1,105.88,0.0061,964.14,44.02,62.94,32.58,0.2317,normal
2026-04-04T22:00:00,billing-worker,us-east-1,139.26,0.0081,343.42,40.19,60.87,37.71,0.2324,normal
2026-04-04T22:00:00,billing-worker,us-west-2,151.17,0.0098,355.02,35.28,45.29,7.14,0.1557,normal
2026-04-04T22:00:00,billing-worker,eu-central-1,146.07,0.0102,363.59,40.27,52.42,22.87,0.206,normal
2026-04-04T22:00:00,auth-service,us-east-1,78.63,0.0068,1115.43,32.32,54.71,35.23,0.1974,normal
2026-04-04T22:00:00,auth-service,us-west-2,74.82,0.0124,1191.11,53.63,55.67,10.86,0.2322,normal
2026-04-04T22:00:00,auth-service,eu-central-1,80.97,0.0126,1100.5,50.63,57.8,17.65,0.236,normal
2026-04-04T22:00:00,search-api,us-east-1,108.48,0.0111,731.11,39.48,59.24,26.31,0.212,normal
2026-04-04T22:00:00,search-api,us-west-2,98.25,0.006,737.27,41.06,59.98,16.47,0.1882,normal
2026-04-04T22:00:00,search-api,eu-central-1,78.71,0.0026,699.3,24.57,47.62,34.03,0.1603,normal
2026-04-04T22:00:00,notification-service,us-east-1,89.48,0.0072,337.73,24.29,59.58,25.77,0.1506,normal
2026-04-04T22:00:00,notification-service,us-west-2,86.14,0.0038,351.22,37.79,53.99,19.55,0.1791,normal
2026-04-04T22:00:00,notification-service,eu-central-1,82.88,0.0171,327.92,58.99,60.97,8.17,0.2539,normal
2026-04-04T22:00:00,analytics-pipeline,us-east-1,179.75,0.0092,190.59,52.13,75.33,12.73,0.2251,normal
2026-04-04T22:00:00,analytics-pipeline,us-west-2,173.62,0.0182,164.64,44.81,68.88,9.97,0.21,normal
2026-04-04T22:00:00,analytics-pipeline,eu-central-1,174.87,0.006,180.47,45.17,57.62,23.2,0.2164,normal
2026-04-04T23:00:00,checkout-api,us-east-1,98.41,0.0075,899.09,58.0,57.62,18.47,0.2543,normal
2026-04-04T23:00:00,checkout-api,us-west-2,115.62,0.0093,945.51,43.89,65.78,19.44,0.2101,normal
2026-04-04T23:00:00,checkout-api,eu-central-1,97.32,0.0056,896.96,56.93,70.64,15.48,0.241,normal
2026-04-04T23:00:00,billing-worker,us-east-1,173.18,0.0046,365.12,49.4,47.46,25.25,0.2328,normal
2026-04-04T23:00:00,billing-worker,us-west-2,149.09,0.0115,356.29,45.04,64.32,17.58,0.2143,normal
2026-04-04T23:00:00,billing-worker,eu-central-1,156.49,0.0091,394.49,39.49,48.59,16.73,0.1888,normal
2026-04-04T23:00:00,auth-service,us-east-1,77.84,0.006,1005.36,29.67,66.9,16.22,0.1478,normal
2026-04-04T23:00:00,auth-service,us-west-2,70.41,0.0139,1136.07,30.01,54.87,10.97,0.1525,normal
2026-04-04T23:00:00,auth-service,eu-central-1,73.82,0.0054,1153.76,45.65,53.96,16.39,0.2029,normal
2026-04-04T23:00:00,search-api,us-east-1,93.72,0.0123,683.93,47.99,66.45,16.45,0.2237,normal
2026-04-04T23:00:00,search-api,us-west-2,87.68,0.0078,635.56,37.67,49.7,16.64,0.1799,normal
2026-04-04T23:00:00,search-api,eu-central-1,92.11,0.0111,722.26,45.37,57.57,20.25,0.2201,normal
2026-04-04T23:00:00,notification-service,us-east-1,77.35,0.0116,358.46,50.86,48.66,21.34,0.2426,normal
2026-04-04T23:00:00,notification-service,us-west-2,74.05,0.012,326.51,38.33,52.77,16.11,0.1887,normal
2026-04-04T23:00:00,notification-service,eu-central-1,84.86,0.0052,332.12,44.07,61.51,17.65,0.1996,normal
2026-04-04T23:00:00,analytics-pipeline,us-east-1,179.71,0.0182,185.93,44.59,48.36,22.95,0.2358,normal
2026-04-04T23:00:00,analytics-pipeline,us-west-2,187.89,0.001,172.8,45.05,58.15,18.78,0.1979,normal
2026-04-04T23:00:00,analytics-pipeline,eu-central-1,177.6,0.0145,178.9,39.74,56.34,34.68,0.2362,normal
2026-04-05T00:00:00,checkout-api,us-east-1,97.76,0.0069,891.44,43.19,59.98,28.84,0.2226,normal
2026-04-05T00:00:00,checkout-api,us-west-2,114.28,0.0107,875.62,41.5,56.31,26.04,0.2177,normal
2026-04-05T00:00:00,checkout-api,eu-central-1,94.43,0.0048,847.62,34.31,52.84,27.55,0.1852,normal
2026-04-05T00:00:00,billing-worker,us-east-1,119.16,0.0113,353.51,40.07,53.95,10.07,0.1812,normal
2026-04-05T00:00:00,billing-worker,us-west-2,127.9,0.0093,312.58,25.05,55.22,26.79,0.1592,normal
2026-04-05T00:00:00,billing-worker,eu-central-1,166.02,0.0078,366.16,39.73,61.15,25.48,0.2052,normal
2026-04-05T00:00:00,auth-service,us-east-1,69.29,0.0109,1146.75,51.15,55.09,16.34,0.2321,normal
2026-04-05T00:00:00,auth-service,us-west-2,69.88,0.0037,1169.11,47.7,65.68,20.15,0.2148,normal
2026-04-05T00:00:00,auth-service,eu-central-1,72.2,0.0053,1063.31,36.22,60.24,18.73,0.1747,normal
2026-04-05T00:00:00,search-api,us-east-1,77.73,0.0086,703.75,33.64,57.77,22.25,0.1787,normal
2026-04-05T00:00:00,search-api,us-west-2,87.15,0.0036,702.15,44.11,56.14,30.36,0.2229,normal
2026-04-05T00:00:00,search-api,eu-central-1,96.01,0.005,752.92,36.83,62.69,18.8,0.1763,normal
2026-04-05T00:00:00,notification-service,us-east-1,93.2,0.005,346.38,45.4,51.67,23.63,0.2163,normal
2026-04-05T00:00:00,notification-service,us-west-2,100.16,0.0104,314.61,40.78,66.93,20.05,0.2025,normal
2026-04-05T00:00:00,notification-service,eu-central-1,94.88,0.0064,358.94,29.38,56.78,15.64,0.1463,normal
2026-04-05T00:00:00,analytics-pipeline,us-east-1,172.88,0.0139,167.91,44.82,70.78,24.61,0.2322,normal
2026-04-05T00:00:00,analytics-pipeline,us-west-2,173.96,0.0061,152.07,45.04,64.09,26.86,0.2235,normal
2026-04-05T00:00:00,analytics-pipeline,eu-central-1,183.32,0.0176,183.44,23.51,51.83,24.39,0.1639,normal
2026-04-05T01:00:00,checkout-api,us-east-1,101.61,0.0124,1018.32,35.9,73.29,17.36,0.1834,normal
2026-04-05T01:00:00,checkout-api,us-west-2,92.68,0.0094,924.67,37.36,68.91,11.02,0.1702,normal
2026-04-05T01:00:00,checkout-api,eu-central-1,103.32,0.0127,861.54,37.54,57.83,23.25,0.2018,normal
2026-04-05T01:00:00,billing-worker,us-east-1,362.7,0.0751,264.19,48.04,46.41,98.97,0.5057,payment_provider_timeout
2026-04-05T01:00:00,billing-worker,us-west-2,140.18,0.005,373.34,41.47,58.32,25.33,0.206,normal
2026-04-05T01:00:00,billing-worker,eu-central-1,134.4,0.0136,387.38,47.89,66.62,8.1,0.2086,normal
2026-04-05T01:00:00,auth-service,us-east-1,84.49,0.0061,1179.35,50.71,64.38,5.47,0.1997,normal
2026-04-05T01:00:00,auth-service,us-west-2,75.94,0.0135,1140.53,41.37,58.46,31.15,0.2329,normal
2026-04-05T01:00:00,auth-service,eu-central-1,71.73,0.0052,1067.14,37.77,56.33,20.78,0.1841,normal
2026-04-05T01:00:00,search-api,us-east-1,94.34,0.0021,644.04,47.45,63.02,7.16,0.1845,normal
2026-04-05T01:00:00,search-api,us-west-2,102.07,0.001,825.79,46.73,46.4,22.1,0.2106,normal
2026-04-05T01:00:00,search-api,eu-central-1,94.72,0.0072,700.29,40.21,57.27,10.77,0.1757,normal
2026-04-05T01:00:00,notification-service,us-east-1,81.13,0.0112,342.52,31.35,54.54,30.54,0.1924,normal
2026-04-05T01:00:00,notification-service,us-west-2,89.84,0.0156,302.03,33.68,42.82,2.47,0.151,normal
2026-04-05T01:00:00,notification-service,eu-central-1,82.43,0.0048,307.66,36.43,56.68,24.67,0.1866,normal
2026-04-05T01:00:00,analytics-pipeline,us-east-1,188.03,0.002,191.74,39.36,50.99,17.76,0.1776,normal
2026-04-05T01:00:00,analytics-pipeline,us-west-2,174.21,0.0034,192.53,37.37,53.79,22.31,0.1826,normal
2026-04-05T01:00:00,analytics-pipeline,eu-central-1,204.08,0.0109,164.54,45.51,65.74,21.05,0.222,normal
2026-04-05T02:00:00,checkout-api,us-east-1,110.43,0.0071,870.0,28.52,52.96,8.9,0.1307,normal
2026-04-05T02:00:00,checkout-api,us-west-2,105.05,0.015,745.71,31.42,51.48,17.28,0.1723,normal
2026-04-05T02:00:00,checkout-api,eu-central-1,114.77,0.0059,829.16,51.73,60.6,22.23,0.2371,normal
2026-04-05T02:00:00,billing-worker,us-east-1,340.26,0.0314,239.13,42.24,52.94,106.83,0.4228,payment_provider_timeout
2026-04-05T02:00:00,billing-worker,us-west-2,150.04,0.0039,366.93,46.89,59.16,23.34,0.2189,normal
2026-04-05T02:00:00,billing-worker,eu-central-1,141.33,0.0058,406.11,46.82,38.07,24.95,0.2253,normal
2026-04-05T02:00:00,auth-service,us-east-1,70.42,0.0117,1268.0,39.76,51.18,20.06,0.2012,normal
2026-04-05T02:00:00,auth-service,us-west-2,75.53,0.0113,1044.35,43.98,64.27,23.62,0.2225,normal
2026-04-05T02:00:00,auth-service,eu-central-1,78.78,0.0138,1087.85,51.82,59.46,10.03,0.2267,normal
2026-04-05T02:00:00,search-api,us-east-1,92.72,0.0101,733.12,52.83,59.34,13.91,0.2315,normal
2026-04-05T02:00:00,search-api,us-west-2,111.66,0.0077,678.89,49.44,55.07,11.68,0.2108,normal
2026-04-05T02:00:00,search-api,eu-central-1,86.88,0.0138,667.68,42.83,54.79,16.47,0.2084,normal
2026-04-05T02:00:00,notification-service,us-east-1,79.42,0.0096,344.28,50.46,55.47,8.66,0.2116,normal
2026-04-05T02:00:00,notification-service,us-west-2,74.88,0.009,277.37,52.7,58.2,19.0,0.2396,normal
2026-04-05T02:00:00,notification-service,eu-central-1,75.47,0.0064,315.08,47.44,55.12,22.98,0.2246,normal
2026-04-05T02:00:00,analytics-pipeline,us-east-1,187.44,0.0013,172.13,52.14,54.4,19.07,0.2238,normal
2026-04-05T02:00:00,analytics-pipeline,us-west-2,178.17,0.0041,199.76,40.97,62.48,14.44,0.1803,normal
2026-04-05T02:00:00,analytics-pipeline,eu-central-1,200.25,0.0136,188.31,49.67,62.93,29.16,0.258,normal
2026-04-05T03:00:00,checkout-api,us-east-1,108.39,0.0096,920.3,34.89,40.17,24.55,0.1896,normal
2026-04-05T03:00:00,checkout-api,us-west-2,106.28,0.0062,858.64,34.41,52.09,19.56,0.1716,normal
2026-04-05T03:00:00,checkout-api,eu-central-1,106.02,0.0124,868.74,47.12,62.8,12.44,0.2126,normal
2026-04-05T03:00:00,billing-worker,us-east-1,275.74,0.0327,231.8,43.47,73.52,70.54,0.3553,payment_provider_timeout
2026-04-05T03:00:00,billing-worker,us-west-2,150.52,0.006,403.86,31.97,64.68,19.52,0.1626,normal
2026-04-05T03:00:00,billing-worker,eu-central-1,140.33,0.0043,428.59,37.44,68.12,0,0.1387,normal
2026-04-05T03:00:00,auth-service,us-east-1,67.77,0.0163,1284.26,42.22,65.01,22.94,0.224,normal
2026-04-05T03:00:00,auth-service,us-west-2,72.84,0.0096,1063.64,31.35,58.87,23.92,0.1759,normal
2026-04-05T03:00:00,auth-service,eu-central-1,75.96,0.0041,1213.76,42.79,63.28,15.77,0.1895,normal
2026-04-05T03:00:00,search-api,us-east-1,92.97,0.0132,782.02,32.47,50.22,25.83,0.1903,normal
2026-04-05T03:00:00,search-api,us-west-2,97.74,0.0093,671.58,50.17,59.32,19.83,0.2328,normal
2026-04-05T03:00:00,search-api,eu-central-1,97.95,0.007,736.25,43.14,63.05,21.13,0.2067,normal
2026-04-05T03:00:00,notification-service,us-east-1,76.25,0.0062,325.39,51.38,53.43,27.15,0.2466,normal
2026-04-05T03:00:00,notification-service,us-west-2,92.36,0.0125,380.08,42.03,60.25,27.84,0.2266,normal
2026-04-05T03:00:00,notification-service,eu-central-1,87.78,0.013,328.38,53.4,60.47,2.83,0.2161,normal
2026-04-05T03:00:00,analytics-pipeline,us-east-1,195.66,0.0083,164.7,39.72,56.02,27.26,0.2097,normal
2026-04-05T03:00:00,analytics-pipeline,us-west-2,184.8,0.0088,174.63,34.94,53.5,14.38,0.1675,normal
2026-04-05T03:00:00,analytics-pipeline,eu-central-1,176.72,0.0044,170.22,50.11,61.18,18.11,0.2203,normal
2026-04-05T04:00:00,checkout-api,us-east-1,107.91,0.0081,806.15,49.15,73.77,22.18,0.2319,normal
2026-04-05T04:00:00,checkout-api,us-west-2,110.79,0.0189,804.76,46.3,55.6,15.9,0.2285,normal
2026-04-05T04:00:00,checkout-api,eu-central-1,91.04,0.0087,896.82,29.37,56.45,14.21,0.1476,normal
2026-04-05T04:00:00,billing-worker,us-east-1,293.37,0.0602,261.05,52.26,65.23,135.37,0.5682,payment_provider_timeout
2026-04-05T04:00:00,billing-worker,us-west-2,144.26,0.0114,419.92,38.73,56.96,7.14,0.1706,normal
2026-04-05T04:00:00,billing-worker,eu-central-1,123.35,0.0058,409.06,45.02,59.83,28.57,0.2265,normal
2026-04-05T04:00:00,auth-service,us-east-1,64.36,0.0145,1156.27,48.3,67.71,11.65,0.2191,normal
2026-04-05T04:00:00,auth-service,us-west-2,69.76,0.0107,1145.73,37.48,57.12,12.35,0.1757,normal
2026-04-05T04:00:00,auth-service,eu-central-1,75.81,0.0075,1278.05,33.83,62.08,18.72,0.1702,normal
2026-04-05T04:00:00,search-api,us-east-1,107.07,0.0052,695.72,55.88,53.38,15.1,0.2358,normal
2026-04-05T04:00:00,search-api,us-west-2,92.0,0.0052,774.96,54.15,56.94,12.14,0.2237,normal
2026-04-05T04:00:00,search-api,eu-central-1,84.67,0.0117,692.67,46.47,41.07,14.76,0.2138,normal
2026-04-05T04:00:00,notification-service,us-east-1,89.28,0.0107,269.08,44.45,58.91,17.95,0.2116,normal
2026-04-05T04:00:00,notification-service,us-west-2,82.67,0.0073,334.31,46.16,35.77,18.03,0.2116,normal
2026-04-05T04:00:00,notification-service,eu-central-1,91.36,0.0082,357.7,34.7,71.44,25.74,0.1888,normal
2026-04-05T04:00:00,analytics-pipeline,us-east-1,174.13,0.02,191.29,54.67,49.6,17.23,0.2625,normal
2026-04-05T04:00:00,analytics-pipeline,us-west-2,186.82,0.0132,175.67,31.82,66.59,16.78,0.1695,normal
2026-04-05T04:00:00,analytics-pipeline,eu-central-1,186.36,0.0078,173.52,31.21,62.69,13.14,0.1501,normal
2026-04-05T05:00:00,checkout-api,us-east-1,90.04,0.0107,872.03,49.71,63.77,8.49,0.2106,normal
2026-04-05T05:00:00,checkout-api,us-west-2,103.51,0.009,879.12,33.75,58.53,25.88,0.1873,normal
2026-04-05T05:00:00,checkout-api,eu-central-1,115.47,0.0148,917.4,22.12,56.1,13.79,0.1323,normal
2026-04-05T05:00:00,billing-worker,us-east-1,244.69,0.0788,249.77,48.35,60.54,122.89,0.5624,payment_provider_timeout
2026-04-05T05:00:00,billing-worker,us-west-2,142.47,0.0145,432.57,48.6,54.09,20.09,0.2373,normal
2026-04-05T05:00:00,billing-worker,eu-central-1,156.38,0.0119,369.05,49.66,63.11,22.7,0.2417,normal
2026-04-05T05:00:00,auth-service,us-east-1,72.48,0.0089,1006.26,41.86,54.89,15.75,0.1948,normal
2026-04-05T05:00:00,auth-service,us-west-2,73.31,0.0078,1156.52,42.86,53.7,17.05,0.1989,normal
2026-04-05T05:00:00,auth-service,eu-central-1,74.45,0.011,1183.21,39.26,52.2,5.11,0.1676,normal
2026-04-05T05:00:00,search-api,us-east-1,85.46,0.0107,674.41,54.81,56.89,15.04,0.2418,normal
2026-04-05T05:00:00,search-api,us-west-2,93.8,0.0069,688.02,42.61,47.83,19.14,0.2007,normal
2026-04-05T05:00:00,search-api,eu-central-1,94.3,0.0055,765.8,44.95,65.62,12.81,0.1934,normal
2026-04-05T05:00:00,notification-service,us-east-1,76.53,0.0044,297.13,27.13,69.0,14.32,0.1321,normal
2026-04-05T05:00:00,notification-service,us-west-2,86.32,0.0069,328.07,54.55,45.81,10.29,0.2244,normal
2026-04-05T05:00:00,notification-service,eu-central-1,85.92,0.0055,346.2,52.31,64.27,24.0,0.242,normal
2026-04-05T05:00:00,analytics-pipeline,us-east-1,177.66,0.013,165.64,32.66,56.17,16.1,0.1706,normal
2026-04-05T05:00:00,analytics-pipeline,us-west-2,197.68,0.0051,187.9,35.93,49.12,4.67,0.1445,normal
2026-04-05T05:00:00,analytics-pipeline,eu-central-1,179.5,0.0033,177.23,42.44,55.2,2.83,0.1603,normal
2026-04-05T06:00:00,checkout-api,us-east-1,100.63,0.0108,771.98,47.53,58.13,13.77,0.214,normal
2026-04-05T06:00:00,checkout-api,us-west-2,106.72,0.0116,872.76,35.92,63.52,12.7,0.1726,normal
2026-04-05T06:00:00,checkout-api,eu-central-1,108.05,0.0129,948.8,54.66,65.19,19.2,0.2538,normal
2026-04-05T06:00:00,billing-worker,us-east-1,313.83,0.0508,243.83,75.53,62.63,64.54,0.4878,payment_provider_timeout
2026-04-05T06:00:00,billing-worker,us-west-2,162.71,0.0027,411.77,31.95,50.35,14.08,0.1456,normal
2026-04-05T06:00:00,billing-worker,eu-central-1,141.7,0.0037,402.06,41.15,67.43,10.01,0.1712,normal
2026-04-05T06:00:00,auth-service,us-east-1,64.1,0.0117,1133.12,49.77,41.59,8.18,0.212,normal
2026-04-05T06:00:00,auth-service,us-west-2,75.55,0.0167,1057.3,26.98,54.81,29.23,0.1844,normal
2026-04-05T06:00:00,auth-service,eu-central-1,84.52,0.0036,1104.18,27.49,52.09,10.43,0.1241,normal
2026-04-05T06:00:00,search-api,us-east-1,98.26,0.0135,829.52,39.21,63.75,19.78,0.202,normal
2026-04-05T06:00:00,search-api,us-west-2,95.97,0.0167,750.64,54.4,60.12,24.88,0.2713,normal
2026-04-05T06:00:00,search-api,eu-central-1,98.87,0.0086,684.92,38.85,58.1,15.02,0.1823,normal
2026-04-05T06:00:00,notification-service,us-east-1,82.68,0.0062,349.8,40.11,57.18,16.31,0.185,normal
2026-04-05T06:00:00,notification-service,us-west-2,93.95,0.0069,361.79,35.23,68.73,22.88,0.1825,normal
2026-04-05T06:00:00,notification-service,eu-central-1,81.67,0.0108,355.84,34.5,56.42,20.51,0.1822,normal
2026-04-05T06:00:00,analytics-pipeline,us-east-1,177.01,0.0079,175.04,44.51,63.45,29.72,0.2308,normal
2026-04-05T06:00:00,analytics-pipeline,us-west-2,175.38,0.0206,171.07,56.1,57.12,6.55,0.2469,normal
2026-04-05T06:00:00,analytics-pipeline,eu-central-1,173.75,0.0077,187.04,26.07,53.58,17.0,0.1398,normal
2026-04-05T07:00:00,checkout-api,us-east-1,110.54,0.0106,923.02,40.78,56.38,27.59,0.2182,normal
2026-04-05T07:00:00,checkout-api,us-west-2,119.48,0.0105,883.01,35.26,72.75,21.2,0.1857,normal
2026-04-05T07:00:00,checkout-api,eu-central-1,110.22,0.0027,908.68,61.26,56.87,16.43,0.2528,normal
2026-04-05T07:00:00,billing-worker,us-east-1,358.24,0.0431,248.72,66.01,49.84,64.27,0.44,payment_provider_timeout
2026-04-05T07:00:00,billing-worker,us-west-2,152.92,0.0095,387.5,40.72,58.92,20.85,0.2022,normal
2026-04-05T07:00:00,billing-worker,eu-central-1,139.52,0.0079,392.32,33.43,61.12,0.67,0.1326,normal
2026-04-05T07:00:00,auth-service,us-east-1,78.85,0.0085,1062.21,52.7,49.82,34.39,0.2702,normal
2026-04-05T07:00:00,auth-service,us-west-2,70.66,0.0138,1145.45,54.81,56.47,26.19,0.2703,normal
2026-04-05T07:00:00,auth-service,eu-central-1,73.1,0.0016,1179.45,45.8,60.82,31.27,0.2272,normal
2026-04-05T07:00:00,search-api,us-east-1,89.45,0.0034,729.7,36.54,57.3,18.02,0.1708,normal
2026-04-05T07:00:00,search-api,us-west-2,88.83,0.0133,712.17,56.21,59.77,26.4,0.2748,normal
2026-04-05T07:00:00,search-api,eu-central-1,92.83,0.0064,693.16,35.07,61.15,19.13,0.1734,normal
2026-04-05T07:00:00,notification-service,us-east-1,77.71,0.0029,312.82,27.58,51.86,6.01,0.1141,normal
2026-04-05T07:00:00,notification-service,us-west-2,89.81,0.0044,318.63,41.07,58.26,21.38,0.1954,normal
2026-04-05T07:00:00,notification-service,eu-central-1,90.19,0.0116,323.9,51.93,60.62,12.42,0.228,normal
2026-04-05T07:00:00,analytics-pipeline,us-east-1,201.5,0.0043,180.22,51.98,58.83,20.77,0.2322,normal
2026-04-05T07:00:00,analytics-pipeline,us-west-2,181.81,0.0117,177.39,42.09,62.93,3.01,0.1744,normal
2026-04-05T07:00:00,analytics-pipeline,eu-central-1,183.68,0.0078,197.06,44.33,53.45,23.22,0.2167,normal
2026-04-05T08:00:00,checkout-api,us-east-1,101.85,0.0043,1143.46,46.01,66.29,26.34,0.2227,normal
2026-04-05T08:00:00,checkout-api,us-west-2,106.95,0.0084,1170.61,51.62,57.16,27.22,0.2514,normal
2026-04-05T08:00:00,checkout-api,eu-central-1,98.43,0.009,1203.01,47.6,59.43,13.95,0.2113,normal
2026-04-05T08:00:00,billing-worker,us-east-1,273.76,0.0378,299.74,44.66,68.99,66.78,0.361,payment_provider_timeout
2026-04-05T08:00:00,billing-worker,us-west-2,154.79,0.0089,484.97,42.89,63.24,8.62,0.1838,normal
2026-04-05T08:00:00,billing-worker,eu-central-1,131.74,0.0075,530.61,37.27,60.96,21.66,0.1883,normal
2026-04-05T08:00:00,auth-service,us-east-1,75.11,0.0108,1619.43,40.51,60.28,9.59,0.1808,normal
2026-04-05T08:00:00,auth-service,us-west-2,70.75,0.0086,1585.62,36.71,48.43,25.35,0.1958,normal
2026-04-05T08:00:00,auth-service,eu-central-1,89.08,0.001,1446.77,42.99,61.39,10.53,0.1738,normal
2026-04-05T08:00:00,search-api,us-east-1,97.55,0.0134,939.17,47.8,58.92,10.66,0.2131,normal
2026-04-05T08:00:00,search-api,us-west-2,90.44,0.0066,1013.07,51.17,59.7,5.65,0.2025,normal
2026-04-05T08:00:00,search-api,eu-central-1,91.37,0.0074,863.05,41.86,60.0,7.55,0.1753,normal
2026-04-05T08:00:00,notification-service,us-east-1,82.17,0.0072,478.49,47.26,63.32,18.7,0.2166,normal
2026-04-05T08:00:00,notification-service,us-west-2,76.47,0.0127,424.99,26.83,63.04,15.28,0.1479,normal
2026-04-05T08:00:00,notification-service,eu-central-1,85.02,0.011,434.36,45.27,66.88,15.47,0.21,normal
2026-04-05T08:00:00,analytics-pipeline,us-east-1,175.05,0.0091,239.07,38.85,58.58,12.63,0.1782,normal
2026-04-05T08:00:00,analytics-pipeline,us-west-2,178.99,0.0112,222.7,40.57,48.01,12.49,0.1876,normal
2026-04-05T08:00:00,analytics-pipeline,eu-central-1,181.15,0.0111,220.34,41.22,51.66,20.51,0.2062,normal
2026-04-05T09:00:00,checkout-api,us-east-1,107.19,0.0108,1147.45,30.77,54.19,7.45,0.1423,normal
2026-04-05T09:00:00,checkout-api,us-west-2,99.46,0.0088,1219.31,36.93,52.74,19.62,0.1852,normal
2026-04-05T09:00:00,checkout-api,eu-central-1,88.09,0.0169,1073.45,50.03,64.72,25.62,0.2578,normal
2026-04-05T09:00:00,billing-worker,us-east-1,143.84,0.0119,504.03,49.59,53.56,11.58,0.2186,normal
2026-04-05T09:00:00,billing-worker,us-west-2,149.33,0.0072,528.99,35.24,59.85,10.27,0.1573,normal
2026-04-05T09:00:00,billing-worker,eu-central-1,143.88,0.0175,486.03,32.31,47.09,16.22,0.1777,normal
2026-04-05T09:00:00,auth-service,us-east-1,84.49,0.0072,1593.23,40.56,53.7,33.84,0.2242,normal
2026-04-05T09:00:00,auth-service,us-west-2,81.32,0.0018,1453.78,45.26,62.45,16.25,0.1948,normal
2026-04-05T09:00:00,auth-service,eu-central-1,76.85,0.0111,1499.66,49.87,52.23,23.96,0.2436,normal
2026-04-05T09:00:00,search-api,us-east-1,101.78,0.0098,936.01,41.86,42.91,20.02,0.2051,normal
2026-04-05T09:00:00,search-api,us-west-2,84.51,0.0011,986.42,34.81,60.43,18.37,0.1613,normal
2026-04-05T09:00:00,search-api,eu-central-1,82.03,0.0055,939.39,45.7,58.49,8.06,0.1863,normal
2026-04-05T09:00:00,notification-service,us-east-1,81.52,0.0094,412.59,38.53,54.3,1.28,0.1544,normal
2026-04-05T09:00:00,notification-service,us-west-2,96.4,0.0125,429.5,49.47,50.93,30.06,0.2571,normal
2026-04-05T09:00:00,notification-service,eu-central-1,82.56,0.0096,427.12,42.73,60.25,18.26,0.2041,normal
2026-04-05T09:00:00,analytics-pipeline,us-east-1,168.47,0.012,237.98,42.02,65.15,12.2,0.1936,normal
2026-04-05T09:00:00,analytics-pipeline,us-west-2,197.87,0.0084,248.56,38.52,56.29,19.67,0.1901,normal
2026-04-05T09:00:00,analytics-pipeline,eu-central-1,195.3,0.0147,226.78,36.28,63.19,27.78,0.2102,normal
2026-04-05T10:00:00,checkout-api,us-east-1,110.74,0.0077,1229.44,41.81,59.16,22.9,0.2071,normal
2026-04-05T10:00:00,checkout-api,us-west-2,100.4,0.001,1171.16,47.65,60.98,22.28,0.2141,normal
2026-04-05T10:00:00,checkout-api,eu-central-1,106.33,0.0131,1165.45,53.76,58.35,24.28,0.2614,normal
2026-04-05T10:00:00,billing-worker,us-east-1,138.84,0.0102,522.81,43.1,68.48,18.36,0.2068,normal
2026-04-05T10:00:00,billing-worker,us-west-2,157.63,0.0104,539.08,34.91,55.54,25.61,0.1933,normal
2026-04-05T10:00:00,billing-worker,eu-central-1,135.84,0.0106,526.27,43.55,60.97,22.28,0.217,normal
2026-04-05T10:00:00,auth-service,us-east-1,73.64,0.0106,1487.6,38.45,47.26,17.2,0.1889,normal
2026-04-05T10:00:00,auth-service,us-west-2,65.14,0.0091,1540.38,33.44,58.48,20.29,0.175,normal
2026-04-05T10:00:00,auth-service,eu-central-1,72.98,0.0054,1517.04,45.23,64.28,33.26,0.2361,normal
2026-04-05T10:00:00,search-api,us-east-1,80.5,0.0104,971.35,36.99,60.19,34.51,0.2187,normal
2026-04-05T10:00:00,search-api,us-west-2,95.85,0.0144,999.89,38.52,42.34,27.16,0.2163,normal
2026-04-05T10:00:00,search-api,eu-central-1,106.34,0.0021,942.7,36.51,59.4,18.5,0.1693,normal
2026-04-05T10:00:00,notification-service,us-east-1,92.53,0.0067,479.54,28.53,59.48,39.14,0.1919,normal
2026-04-05T10:00:00,notification-service,us-west-2,84.36,0.0115,429.37,68.06,64.06,15.24,0.29,normal
2026-04-05T10:00:00,notification-service,eu-central-1,72.41,0.0098,454.55,25.9,54.7,22.43,0.1542,normal
2026-04-05T10:00:00,analytics-pipeline,us-east-1,146.53,0.0082,214.29,31.42,60.76,26.98,0.18,normal
2026-04-05T10:00:00,analytics-pipeline,us-west-2,196.25,0.0064,237.42,28.02,47.98,22.31,0.1552,normal
2026-04-05T10:00:00,analytics-pipeline,eu-central-1,174.46,0.005,211.19,40.16,73.14,2.08,0.1538,normal
2026-04-05T11:00:00,checkout-api,us-east-1,96.52,0.0134,1053.24,37.09,58.47,26.96,0.2092,normal
2026-04-05T11:00:00,checkout-api,us-west-2,104.41,0.0162,1157.41,41.12,61.0,20.79,0.2156,normal
2026-04-05T11:00:00,checkout-api,eu-central-1,92.81,0.0053,1146.09,44.7,49.7,12.35,0.1912,normal
2026-04-05T11:00:00,billing-worker,us-east-1,136.65,0.0103,501.92,46.77,60.64,10.76,0.2043,normal
2026-04-05T11:00:00,billing-worker,us-west-2,141.67,0.0041,515.06,48.42,51.31,4.0,0.185,normal
2026-04-05T11:00:00,billing-worker,eu-central-1,150.83,0.0079,511.73,45.65,60.58,25.34,0.2257,normal
2026-04-05T11:00:00,auth-service,us-east-1,72.34,0.001,1489.6,39.58,55.22,21.12,0.1835,normal
2026-04-05T11:00:00,auth-service,us-west-2,73.55,0.0141,1478.91,41.95,55.57,34.8,0.2434,normal
2026-04-05T11:00:00,auth-service,eu-central-1,69.45,0.005,1497.33,48.06,58.09,16.61,0.2113,normal
2026-04-05T11:00:00,search-api,us-east-1,84.2,0.001,941.9,40.11,70.0,20.96,0.1851,normal
2026-04-05T11:00:00,search-api,us-west-2,98.15,0.0128,910.88,32.23,55.5,29.77,0.1968,normal
2026-04-05T11:00:00,search-api,eu-central-1,102.32,0.0067,894.99,49.38,65.46,9.28,0.2038,normal
2026-04-05T11:00:00,notification-service,us-east-1,95.65,0.0059,454.99,40.37,55.77,13.14,0.1788,normal
2026-04-05T11:00:00,notification-service,us-west-2,89.6,0.0115,456.21,39.77,52.22,35.06,0.2315,normal
2026-04-05T11:00:00,notification-service,eu-central-1,96.37,0.0082,415.04,53.91,58.91,18.46,0.2413,normal
2026-04-05T11:00:00,analytics-pipeline,us-east-1,191.99,0.0104,233.05,57.82,45.09,23.13,0.2684,normal
2026-04-05T11:00:00,analytics-pipeline,us-west-2,166.14,0.0093,229.91,44.11,41.49,23.52,0.2192,normal
2026-04-05T11:00:00,analytics-pipeline,eu-central-1,212.83,0.0074,241.86,46.98,60.04,14.0,0.2063,normal
2026-04-05T12:00:00,checkout-api,us-east-1,110.23,0.0101,1239.8,48.63,53.13,0,0.1883,normal
2026-04-05T12:00:00,checkout-api,us-west-2,117.43,0.0109,1168.65,37.17,75.2,28.66,0.2084,normal
2026-04-05T12:00:00,checkout-api,eu-central-1,105.8,0.0075,1191.17,52.83,61.57,25.53,0.2507,normal
2026-04-05T12:00:00,billing-worker,us-east-1,147.99,0.0104,481.04,42.98,58.35,17.42,0.2048,normal
2026-04-05T12:00:00,billing-worker,us-west-2,142.26,0.0102,498.07,40.44,48.99,36.43,0.2345,normal
2026-04-05T12:00:00,billing-worker,eu-central-1,134.82,0.0042,499.08,38.69,50.6,0,0.143,normal
2026-04-05T12:00:00,auth-service,us-east-1,84.71,0.0131,1497.01,46.45,50.33,5.08,0.1965,normal
2026-04-05T12:00:00,auth-service,us-west-2,76.98,0.0113,1474.26,41.97,36.76,16.96,0.2019,normal
2026-04-05T12:00:00,auth-service,eu-central-1,81.26,0.0097,1538.43,46.61,43.58,7.73,0.1964,normal
2026-04-05T12:00:00,search-api,us-east-1,85.46,0.01,922.56,26.96,64.16,16.51,0.1461,normal
2026-04-05T12:00:00,search-api,us-west-2,102.47,0.017,875.09,31.83,65.46,29.25,0.2018,normal
2026-04-05T12:00:00,search-api,eu-central-1,97.98,0.0104,983.73,47.23,49.17,23.94,0.2331,normal
2026-04-05T12:00:00,notification-service,us-east-1,91.66,0.0074,419.63,38.1,53.93,22.22,0.1921,normal
2026-04-05T12:00:00,notification-service,us-west-2,90.22,0.0091,432.64,27.88,55.05,10.06,0.1345,normal
2026-04-05T12:00:00,notification-service,eu-central-1,81.27,0.0104,442.7,69.93,51.93,13.74,0.2915,normal
2026-04-05T12:00:00,analytics-pipeline,us-east-1,163.63,0.008,228.57,50.01,44.44,25.25,0.241,normal
2026-04-05T12:00:00,analytics-pipeline,us-west-2,189.2,0.0069,224.03,43.56,61.62,16.73,0.1991,normal
2026-04-05T12:00:00,analytics-pipeline,eu-central-1,177.77,0.0091,219.53,44.17,62.0,18.41,0.2086,normal
2026-04-05T13:00:00,checkout-api,us-east-1,95.48,0.009,1152.74,44.52,55.09,24.61,0.2224,normal
2026-04-05T13:00:00,checkout-api,us-west-2,114.04,0.0123,1172.17,51.68,57.7,16.69,0.2371,normal
2026-04-05T13:00:00,checkout-api,eu-central-1,93.04,0.0091,1227.67,34.44,63.4,7.95,0.1531,normal
2026-04-05T13:00:00,billing-worker,us-east-1,148.42,0.0162,513.47,32.77,59.97,16.86,0.1784,normal
2026-04-05T13:00:00,billing-worker,us-west-2,154.13,0.0069,468.99,38.24,62.08,26.13,0.1998,normal
2026-04-05T13:00:00,billing-worker,eu-central-1,148.14,0.0091,529.47,40.46,54.82,19.8,0.1985,normal
2026-04-05T13:00:00,auth-service,us-east-1,81.49,0.007,1561.69,36.97,52.87,19.38,0.1817,normal
2026-04-05T13:00:00,auth-service,us-west-2,67.05,0.0057,1436.0,37.28,51.63,36.35,0.215,normal
2026-04-05T13:00:00,auth-service,eu-central-1,78.59,0.0093,1425.05,23.34,61.03,13.08,0.1252,normal
2026-04-05T13:00:00,search-api,us-east-1,102.87,0.0075,890.65,37.01,47.35,6.92,0.1571,normal
2026-04-05T13:00:00,search-api,us-west-2,100.33,0.0069,983.37,37.63,56.34,13.71,0.1722,normal
2026-04-05T13:00:00,search-api,eu-central-1,90.83,0.0064,1020.77,41.59,44.4,31.3,0.2212,normal
2026-04-05T13:00:00,notification-service,us-east-1,93.43,0.0134,436.81,40.81,54.63,18.99,0.2058,normal
2026-04-05T13:00:00,notification-service,us-west-2,88.12,0.009,421.39,34.47,69.54,31.22,0.2007,normal
2026-04-05T13:00:00,notification-service,eu-central-1,76.56,0.0065,438.16,46.61,57.15,19.89,0.2155,normal
2026-04-05T13:00:00,analytics-pipeline,us-east-1,185.08,0.0135,216.91,50.59,60.99,22.23,0.2468,normal
2026-04-05T13:00:00,analytics-pipeline,us-west-2,158.28,0.0081,228.75,47.0,62.7,23.38,0.227,normal
2026-04-05T13:00:00,analytics-pipeline,eu-central-1,161.34,0.0139,232.45,49.29,57.86,12.55,0.2232,normal
2026-04-05T14:00:00,checkout-api,us-east-1,126.83,0.0116,1201.68,38.43,56.38,26.69,0.2099,normal
2026-04-05T14:00:00,checkout-api,us-west-2,108.64,0.0158,1226.53,33.66,47.19,27.05,0.2016,normal
2026-04-05T14:00:00,checkout-api,eu-central-1,109.93,0.008,1141.79,37.71,70.43,16.76,0.1807,normal
2026-04-05T14:00:00,billing-worker,us-east-1,128.92,0.0125,509.95,44.79,55.24,17.73,0.2156,normal
2026-04-05T14:00:00,billing-worker,us-west-2,123.12,0.0111,494.86,39.07,60.11,27.94,0.2139,normal
2026-04-05T14:00:00,billing-worker,eu-central-1,119.95,0.0085,525.77,49.89,51.56,20.51,0.2319,normal
2026-04-05T14:00:00,auth-service,us-east-1,77.3,0.0126,1477.52,40.6,54.33,26.84,0.2197,normal
2026-04-05T14:00:00,auth-service,us-west-2,81.4,0.0073,1513.72,43.74,51.61,17.17,0.2014,normal
2026-04-05T14:00:00,auth-service,eu-central-1,80.08,0.012,1472.98,37.04,57.08,6.74,0.1651,normal
2026-04-05T14:00:00,search-api,us-east-1,97.23,0.0095,888.61,40.26,53.27,15.98,0.1907,normal
2026-04-05T14:00:00,search-api,us-west-2,88.25,0.0143,905.82,47.93,59.33,29.16,0.2531,normal
2026-04-05T14:00:00,search-api,eu-central-1,94.43,0.009,953.95,27.58,74.66,16.44,0.1464,normal
2026-04-05T14:00:00,notification-service,us-east-1,82.75,0.0047,435.88,54.42,52.6,21.45,0.2428,normal
2026-04-05T14:00:00,notification-service,us-west-2,91.88,0.0127,430.12,28.72,60.72,22.43,0.1692,normal
2026-04-05T14:00:00,notification-service,eu-central-1,82.67,0.0074,476.59,30.0,54.29,13.44,0.1458,normal
2026-04-05T14:00:00,analytics-pipeline,us-east-1,157.31,0.0064,222.53,51.58,45.69,7.59,0.2076,normal
2026-04-05T14:00:00,analytics-pipeline,us-west-2,183.5,0.0031,208.8,37.32,49.45,10.65,0.158,normal
2026-04-05T14:00:00,analytics-pipeline,eu-central-1,177.45,0.0108,224.24,39.98,62.86,16.93,0.194,normal
2026-04-05T15:00:00,checkout-api,us-east-1,111.0,0.0068,1185.78,51.8,48.22,40.89,0.2772,normal
2026-04-05T15:00:00,checkout-api,us-west-2,102.13,0.0078,1148.78,45.62,49.43,18.4,0.2113,normal
2026-04-05T15:00:00,checkout-api,eu-central-1,99.95,0.0145,1059.75,47.03,55.67,12.41,0.216,normal
2026-04-05T15:00:00,billing-worker,us-east-1,146.37,0.0081,512.96,43.91,66.27,15.03,0.1991,normal
2026-04-05T15:00:00,billing-worker,us-west-2,164.13,0.001,557.79,51.33,68.79,19.61,0.2216,normal
2026-04-05T15:00:00,billing-worker,eu-central-1,148.06,0.0052,545.55,33.31,52.32,18.1,0.163,normal
2026-04-05T15:00:00,auth-service,us-east-1,76.29,0.0103,1436.58,39.49,61.29,27.09,0.2122,normal
2026-04-05T15:00:00,auth-service,us-west-2,79.47,0.0106,1504.1,38.0,54.29,17.38,0.1877,normal
2026-04-05T15:00:00,auth-service,eu-central-1,78.05,0.0071,1677.5,34.52,63.56,16.57,0.1676,normal
2026-04-05T15:00:00,search-api,us-east-1,93.79,0.0076,1022.34,39.85,61.72,19.0,0.1921,normal
2026-04-05T15:00:00,search-api,us-west-2,100.54,0.0113,1027.82,36.57,52.13,30.94,0.2116,normal
2026-04-05T15:00:00,search-api,eu-central-1,104.51,0.0093,937.36,44.03,66.96,12.32,0.1961,normal
2026-04-05T15:00:00,notification-service,us-east-1,94.72,0.0088,431.03,39.12,43.25,20.54,0.1949,normal
2026-04-05T15:00:00,notification-service,us-west-2,75.96,0.0069,419.51,43.89,62.9,18.41,0.2038,normal
2026-04-05T15:00:00,notification-service,eu-central-1,86.16,0.0106,473.38,46.48,68.82,17.64,0.2179,normal
2026-04-05T15:00:00,analytics-pipeline,us-east-1,184.79,0.0066,238.33,35.65,61.15,13.33,0.1639,normal
2026-04-05T15:00:00,analytics-pipeline,us-west-2,174.66,0.0137,233.25,48.1,56.2,4.03,0.2012,normal
2026-04-05T15:00:00,analytics-pipeline,eu-central-1,200.88,0.0084,224.22,49.26,49.95,12.5,0.2131,normal
2026-04-05T16:00:00,checkout-api,us-east-1,114.44,0.0064,1222.09,39.81,56.4,18.64,0.1891,normal
2026-04-05T16:00:00,checkout-api,us-west-2,100.67,0.0131,1220.18,42.63,62.12,22.2,0.2182,normal
2026-04-05T16:00:00,checkout-api,eu-central-1,118.93,0.0031,1216.12,49.01,55.68,18.23,0.2144,normal
2026-04-05T16:00:00,billing-worker,us-east-1,140.79,0.0137,483.21,46.7,66.83,22.44,0.2341,normal
2026-04-05T16:00:00,billing-worker,us-west-2,139.25,0.0073,458.76,34.37,65.51,11.0,0.156,normal
2026-04-05T16:00:00,billing-worker,eu-central-1,125.86,0.0081,474.57,45.58,51.79,25.3,0.2259,normal
2026-04-05T16:00:00,auth-service,us-east-1,74.19,0.0037,1466.05,37.25,51.99,27.44,0.1932,normal
2026-04-05T16:00:00,auth-service,us-west-2,68.9,0.0104,1480.0,46.57,47.91,6.33,0.1947,normal
2026-04-05T16:00:00,auth-service,eu-central-1,77.95,0.0144,1420.29,39.77,54.33,11.08,0.1879,normal
2026-04-05T16:00:00,search-api,us-east-1,102.21,0.0093,886.23,40.51,67.18,12.8,0.1846,normal
2026-04-05T16:00:00,search-api,us-west-2,90.96,0.006,958.39,37.95,64.1,11.87,0.1678,normal
2026-04-05T16:00:00,search-api,eu-central-1,83.83,0.0108,802.73,34.98,59.85,19.99,0.1827,normal
2026-04-05T16:00:00,notification-service,us-east-1,80.97,0.0074,450.08,70.21,52.27,16.79,0.2934,normal
2026-04-05T16:00:00,notification-service,us-west-2,81.79,0.0111,439.05,46.31,69.28,16.08,0.215,normal
2026-04-05T16:00:00,notification-service,eu-central-1,82.92,0.0105,484.04,39.43,69.68,27.07,0.2122,normal
2026-04-05T16:00:00,analytics-pipeline,us-east-1,140.44,0.0053,220.45,45.13,67.16,18.55,0.2055,normal
2026-04-05T16:00:00,analytics-pipeline,us-west-2,182.11,0.0172,235.67,58.35,51.64,30.55,0.2977,normal
2026-04-05T16:00:00,analytics-pipeline,eu-central-1,172.5,0.001,222.2,38.56,57.59,23.83,0.1855,normal
2026-04-05T17:00:00,checkout-api,us-east-1,110.65,0.011,1115.6,55.58,66.26,18.41,0.2521,normal
2026-04-05T17:00:00,checkout-api,us-west-2,100.08,0.0089,1145.47,36.89,57.82,13.13,0.172,normal
2026-04-05T17:00:00,checkout-api,eu-central-1,110.25,0.0066,1185.98,44.55,59.06,22.08,0.213,normal
2026-04-05T17:00:00,billing-worker,us-east-1,132.94,0.0188,494.61,47.67,58.05,14.87,0.2311,normal
2026-04-05T17:00:00,billing-worker,us-west-2,164.97,0.0132,505.13,46.39,62.68,30.07,0.2477,normal
2026-04-05T17:00:00,billing-worker,eu-central-1,156.58,0.0084,505.71,33.35,59.74,24.67,0.1824,normal
2026-04-05T17:00:00,auth-service,us-east-1,72.58,0.0116,1533.86,38.64,49.38,26.53,0.2103,normal
2026-04-05T17:00:00,auth-service,us-west-2,90.11,0.0111,1443.2,34.31,59.67,23.04,0.1873,normal
2026-04-05T17:00:00,auth-service,eu-central-1,84.03,0.001,1662.66,43.38,58.87,21.05,0.1967,normal
2026-04-05T17:00:00,search-api,us-east-1,92.21,0.008,1000.34,29.02,57.12,22.36,0.1617,normal
2026-04-05T17:00:00,search-api,us-west-2,82.4,0.0085,1022.62,44.95,62.87,23.46,0.2205,normal
2026-04-05T17:00:00,search-api,eu-central-1,96.59,0.0104,913.06,40.54,70.85,8.82,0.1787,normal
2026-04-05T17:00:00,notification-service,us-east-1,83.79,0.0043,427.45,36.27,49.35,19.95,0.1754,normal
2026-04-05T17:00:00,notification-service,us-west-2,78.51,0.0111,478.0,22.74,56.77,2.24,0.1041,normal
2026-04-05T17:00:00,notification-service,eu-central-1,84.09,0.0105,443.55,51.28,59.05,5.04,0.2086,normal
2026-04-05T17:00:00,analytics-pipeline,us-east-1,201.54,0.0055,230.64,44.57,51.78,18.8,0.2043,normal
2026-04-05T17:00:00,analytics-pipeline,us-west-2,201.39,0.0027,212.71,38.72,56.77,8.41,0.1575,normal
2026-04-05T17:00:00,analytics-pipeline,eu-central-1,146.71,0.0125,236.17,32.05,61.96,17.63,0.1708,normal
2026-04-05T18:00:00,checkout-api,us-east-1,106.29,0.004,1146.1,45.75,45.68,10.13,0.188,normal
2026-04-05T18:00:00,checkout-api,us-west-2,113.08,0.0166,1196.31,41.57,50.37,15.02,0.2062,normal
2026-04-05T18:00:00,checkout-api,eu-central-1,102.83,0.0107,1144.13,60.95,67.23,1.39,0.2355,normal
2026-04-05T18:00:00,billing-worker,us-east-1,131.36,0.009,537.02,45.19,38.68,5.57,0.1858,normal
2026-04-05T18:00:00,billing-worker,us-west-2,160.6,0.0113,576.86,48.2,61.2,29.75,0.2499,normal
2026-04-05T18:00:00,billing-worker,eu-central-1,139.76,0.007,486.73,43.99,61.04,25.24,0.2182,normal
2026-04-05T18:00:00,auth-service,us-east-1,83.67,0.0114,1617.17,40.2,51.21,23.67,0.2097,normal
2026-04-05T18:00:00,auth-service,us-west-2,81.07,0.0142,1512.3,38.51,55.42,20.84,0.2029,normal
2026-04-05T18:00:00,auth-service,eu-central-1,74.68,0.0083,1543.85,39.87,60.34,13.51,0.1822,normal
2026-04-05T18:00:00,search-api,us-east-1,83.21,0.0079,1040.07,35.89,64.39,28.37,0.1978,normal
2026-04-05T18:00:00,search-api,us-west-2,90.84,0.01,844.43,46.46,68.77,19.5,0.2205,normal
2026-04-05T18:00:00,search-api,eu-central-1,79.83,0.0068,916.6,42.94,59.99,14.92,0.1931,normal
2026-04-05T18:00:00,notification-service,us-east-1,82.87,0.0059,451.55,43.61,60.41,14.22,0.1923,normal
2026-04-05T18:00:00,notification-service,us-west-2,88.35,0.0079,445.58,40.85,53.33,9.68,0.177,normal
2026-04-05T18:00:00,notification-service,eu-central-1,72.28,0.0038,449.14,67.07,46.47,11.82,0.2658,normal
2026-04-05T18:00:00,analytics-pipeline,us-east-1,179.83,0.0227,229.43,33.12,60.93,34.09,0.2266,normal
2026-04-05T18:00:00,analytics-pipeline,us-west-2,139.63,0.0045,245.93,33.14,57.26,13.22,0.1512,normal
2026-04-05T18:00:00,analytics-pipeline,eu-central-1,190.99,0.0034,235.33,43.75,61.95,21.35,0.203,normal
2026-04-05T19:00:00,checkout-api,us-east-1,106.28,0.0022,855.43,34.78,61.71,16.26,0.159,normal
2026-04-05T19:00:00,checkout-api,us-west-2,106.27,0.0133,867.79,55.03,63.85,6.62,0.23,normal
2026-04-05T19:00:00,checkout-api,eu-central-1,100.07,0.0137,845.43,51.26,54.05,17.11,0.2391,normal
2026-04-05T19:00:00,billing-worker,us-east-1,156.94,0.0029,388.31,38.55,59.18,31.24,0.2041,normal
2026-04-05T19:00:00,billing-worker,us-west-2,150.69,0.0038,410.64,38.55,59.15,26.98,0.197,normal
2026-04-05T19:00:00,billing-worker,eu-central-1,141.39,0.0127,390.89,35.07,55.83,7.56,0.1611,normal
2026-04-05T19:00:00,auth-service,us-east-1,82.11,0.0096,1222.69,33.43,63.94,8.81,0.1524,normal
2026-04-05T19:00:00,auth-service,us-west-2,76.69,0.009,1105.62,44.4,58.24,11.33,0.1947,normal
2026-04-05T19:00:00,auth-service,eu-central-1,70.53,0.004,1252.93,43.19,55.45,23.37,0.2061,normal
2026-04-05T19:00:00,search-api,us-east-1,88.44,0.0045,734.27,54.28,60.1,19.22,0.2374,normal
2026-04-05T19:00:00,search-api,us-west-2,108.27,0.003,860.9,33.51,57.48,7.64,0.1384,normal
2026-04-05T19:00:00,search-api,eu-central-1,85.76,0.0081,832.07,34.74,53.68,20.1,0.1773,normal
2026-04-05T19:00:00,notification-service,us-east-1,78.07,0.008,348.9,25.15,55.89,15.74,0.1347,normal
2026-04-05T19:00:00,notification-service,us-west-2,81.51,0.0086,292.35,38.61,54.35,10.05,0.1711,normal
2026-04-05T19:00:00,notification-service,eu-central-1,93.6,0.0168,348.48,35.31,67.96,21.88,0.1985,normal
2026-04-05T19:00:00,analytics-pipeline,us-east-1,168.22,0.0113,168.2,46.44,64.45,26.96,0.2381,normal
2026-04-05T19:00:00,analytics-pipeline,us-west-2,164.81,0.0085,174.84,32.54,60.91,23.37,0.177,normal
2026-04-05T19:00:00,analytics-pipeline,eu-central-1,160.1,0.0069,162.19,32.15,50.53,28.65,0.1835,normal
2026-04-05T20:00:00,checkout-api,us-east-1,99.42,0.0075,930.4,49.95,67.85,1.91,0.1922,normal
2026-04-05T20:00:00,checkout-api,us-west-2,111.35,0.0022,837.87,38.79,54.0,33.24,0.2077,normal
2026-04-05T20:00:00,checkout-api,eu-central-1,103.6,0.0136,863.7,41.54,61.58,21.44,0.2136,normal
2026-04-05T20:00:00,billing-worker,us-east-1,150.81,0.0023,399.19,44.49,62.2,17.59,0.1958,normal
2026-04-05T20:00:00,billing-worker,us-west-2,149.75,0.0039,414.96,32.58,67.82,25.87,0.174,normal
2026-04-05T20:00:00,billing-worker,eu-central-1,144.27,0.0079,405.99,39.64,49.68,20.16,0.1941,normal
2026-04-05T20:00:00,auth-service,us-east-1,67.67,0.0072,1284.66,48.29,54.85,17.47,0.2178,normal
2026-04-05T20:00:00,auth-service,us-west-2,71.11,0.009,1041.29,47.3,58.1,13.25,0.2088,normal
2026-04-05T20:00:00,auth-service,eu-central-1,71.3,0.0192,1116.75,38.3,53.92,14.16,0.1976,normal
2026-04-05T20:00:00,search-api,us-east-1,104.95,0.0116,737.22,44.85,50.04,0,0.1779,normal
2026-04-05T20:00:00,search-api,us-west-2,106.48,0.0118,727.75,44.17,59.41,18.17,0.213,normal
2026-04-05T20:00:00,search-api,eu-central-1,93.01,0.001,744.22,42.37,64.84,20.39,0.1918,normal
2026-04-05T20:00:00,notification-service,us-east-1,83.06,0.0113,335.26,38.55,55.37,14.71,0.1855,normal
2026-04-05T20:00:00,notification-service,us-west-2,82.97,0.0073,352.42,64.71,57.21,26.71,0.2942,normal
2026-04-05T20:00:00,notification-service,eu-central-1,71.58,0.001,320.97,40.79,52.81,7.41,0.1597,normal
2026-04-05T20:00:00,analytics-pipeline,us-east-1,167.75,0.007,176.55,39.38,49.6,15.12,0.1814,normal
2026-04-05T20:00:00,analytics-pipeline,us-west-2,201.78,0.0056,175.54,49.84,52.36,13.56,0.2122,normal
2026-04-05T20:00:00,analytics-pipeline,eu-central-1,221.69,0.0138,168.79,43.24,58.7,19.14,0.2154,normal
2026-04-05T21:00:00,checkout-api,us-east-1,108.91,0.0078,747.57,34.52,59.06,7.37,0.15,normal
2026-04-05T21:00:00,checkout-api,us-west-2,102.29,0.0148,887.56,36.9,58.97,26.16,0.2094,normal
2026-04-05T21:00:00,checkout-api,eu-central-1,90.62,0.0041,836.23,38.58,57.39,13.49,0.1701,normal
2026-04-05T21:00:00,billing-worker,us-east-1,146.25,0.0093,357.02,37.15,49.33,20.24,0.1882,normal
2026-04-05T21:00:00,billing-worker,us-west-2,148.03,0.0115,364.35,37.86,42.47,18.09,0.1903,normal
2026-04-05T21:00:00,billing-worker,eu-central-1,126.25,0.0103,413.57,45.46,62.39,19.77,0.2182,normal
2026-04-05T21:00:00,auth-service,us-east-1,77.22,0.0126,1244.67,57.7,56.14,24.47,0.2748,normal
2026-04-05T21:00:00,auth-service,us-west-2,80.19,0.0107,1170.06,32.17,65.62,11.13,0.1546,normal
2026-04-05T21:00:00,auth-service,eu-central-1,71.09,0.0057,1191.88,34.48,61.2,22.38,0.1767,normal
2026-04-05T21:00:00,search-api,us-east-1,95.77,0.0077,745.43,52.18,54.77,9.84,0.2166,normal
2026-04-05T21:00:00,search-api,us-west-2,90.44,0.0056,706.48,40.8,41.91,29.33,0.2128,normal
2026-04-05T21:00:00,search-api,eu-central-1,88.82,0.0073,626.09,26.7,50.91,19.78,0.1471,normal
2026-04-05T21:00:00,notification-service,us-east-1,90.76,0.002,336.0,53.75,56.03,25.12,0.2431,normal
2026-04-05T21:00:00,notification-service,us-west-2,87.11,0.0054,352.61,37.27,60.47,14.89,0.1706,normal
2026-04-05T21:00:00,notification-service,eu-central-1,83.53,0.0096,359.69,28.93,50.2,18.79,0.157,normal
2026-04-05T21:00:00,analytics-pipeline,us-east-1,193.99,0.0083,172.66,46.08,69.01,10.98,0.1986,normal
2026-04-05T21:00:00,analytics-pipeline,us-west-2,157.05,0.0079,183.5,31.79,65.87,25.28,0.1772,normal
2026-04-05T21:00:00,analytics-pipeline,eu-central-1,191.33,0.0057,160.09,47.08,59.82,23.32,0.2228,normal
2026-04-05T22:00:00,checkout-api,us-east-1,93.71,0.001,937.68,49.75,56.06,17.95,0.2126,normal
2026-04-05T22:00:00,checkout-api,us-west-2,108.79,0.0119,863.21,38.01,51.18,25.95,0.2075,normal
2026-04-05T22:00:00,checkout-api,eu-central-1,105.82,0.001,893.48,37.56,49.1,14.03,0.162,normal
2026-04-05T22:00:00,billing-worker,us-east-1,130.2,0.0073,372.63,45.96,50.93,3.89,0.1819,normal
2026-04-05T22:00:00,billing-worker,us-west-2,137.99,0.0037,405.01,40.4,46.31,11.2,0.1709,normal
2026-04-05T22:00:00,billing-worker,eu-central-1,144.67,0.0088,340.08,40.99,60.06,25.65,0.2119,normal
2026-04-05T22:00:00,auth-service,us-east-1,81.56,0.0085,1052.56,39.09,62.53,10.86,0.1744,normal
2026-04-05T22:00:00,auth-service,us-west-2,82.53,0.0053,1065.65,48.42,57.29,20.48,0.2209,normal
2026-04-05T22:00:00,auth-service,eu-central-1,73.17,0.0091,1106.24,56.68,62.57,17.02,0.2496,normal
2026-04-05T22:00:00,search-api,us-east-1,98.58,0.0122,692.96,43.35,59.43,13.61,0.2016,normal
2026-04-05T22:00:00,search-api,us-west-2,89.13,0.0082,703.53,38.83,44.43,18.58,0.1887,normal
2026-04-05T22:00:00,search-api,eu-central-1,99.95,0.0093,797.59,48.67,55.51,12.77,0.2131,normal
2026-04-05T22:00:00,notification-service,us-east-1,88.39,0.0076,296.34,42.93,55.92,16.25,0.1971,normal
2026-04-05T22:00:00,notification-service,us-west-2,89.15,0.0097,374.78,36.27,57.32,20.38,0.1862,normal
2026-04-05T22:00:00,notification-service,eu-central-1,82.01,0.007,368.87,30.75,60.42,4.42,0.1293,normal
2026-04-05T22:00:00,analytics-pipeline,us-east-1,184.85,0.0016,161.52,50.78,68.75,18.98,0.2194,normal
2026-04-05T22:00:00,analytics-pipeline,us-west-2,140.97,0.0129,177.57,33.43,55.52,7.77,0.1562,normal
2026-04-05T22:00:00,analytics-pipeline,eu-central-1,178.64,0.0087,176.19,48.1,53.5,0.95,0.1859,normal
2026-04-05T23:00:00,checkout-api,us-east-1,95.21,0.0041,852.99,38.61,57.69,28.56,0.201,normal
2026-04-05T23:00:00,checkout-api,us-west-2,105.22,0.0048,856.56,35.21,56.31,22.47,0.1779,normal
2026-04-05T23:00:00,checkout-api,eu-central-1,95.52,0.0117,975.4,53.75,69.33,18.68,0.2474,normal
2026-04-05T23:00:00,billing-worker,us-east-1,129.37,0.0167,385.09,43.77,55.51,10.74,0.2053,normal
2026-04-05T23:00:00,billing-worker,us-west-2,152.14,0.0036,351.85,46.25,55.38,11.51,0.1919,normal
2026-04-05T23:00:00,billing-worker,eu-central-1,150.73,0.0145,379.26,40.95,61.91,25.22,0.221,normal
2026-04-05T23:00:00,auth-service,us-east-1,81.18,0.0116,1100.32,46.09,58.05,4.91,0.1923,normal
2026-04-05T23:00:00,auth-service,us-west-2,82.38,0.0112,1252.31,41.49,63.07,17.45,0.2011,normal
2026-04-05T23:00:00,auth-service,eu-central-1,75.97,0.0125,1154.3,46.7,57.75,27.43,0.242,normal
2026-04-05T23:00:00,search-api,us-east-1,99.94,0.0026,794.96,45.37,54.44,13.2,0.1905,normal
2026-04-05T23:00:00,search-api,us-west-2,110.05,0.0093,741.35,46.58,53.83,31.46,0.2442,normal
2026-04-05T23:00:00,search-api,eu-central-1,110.91,0.006,770.5,29.46,55.66,18.47,0.1517,normal
2026-04-05T23:00:00,notification-service,us-east-1,85.35,0.0112,339.87,44.86,57.05,20.33,0.2188,normal
2026-04-05T23:00:00,notification-service,us-west-2,81.25,0.0166,332.53,51.53,58.73,16.86,0.2446,normal
2026-04-05T23:00:00,notification-service,eu-central-1,83.78,0.004,375.83,45.18,58.91,14.45,0.195,normal
2026-04-05T23:00:00,analytics-pipeline,us-east-1,198.34,0.0077,169.59,37.85,68.74,20.39,0.1881,normal
2026-04-05T23:00:00,analytics-pipeline,us-west-2,177.92,0.0065,189.36,44.22,55.71,24.87,0.2174,normal
2026-04-05T23:00:00,analytics-pipeline,eu-central-1,192.56,0.0052,187.83,50.37,56.33,7.81,0.2016,normal
2026-04-06T00:00:00,checkout-api,us-east-1,114.14,0.0077,862.63,39.81,56.14,24.41,0.2031,normal
2026-04-06T00:00:00,checkout-api,us-west-2,95.91,0.011,939.64,50.09,63.03,20.05,0.2362,normal
2026-04-06T00:00:00,checkout-api,eu-central-1,103.4,0.0085,824.7,54.82,57.21,10.29,0.2283,normal
2026-04-06T00:00:00,billing-worker,us-east-1,154.63,0.0148,393.47,39.59,50.32,22.94,0.2121,normal
2026-04-06T00:00:00,billing-worker,us-west-2,142.27,0.0065,401.54,32.15,63.14,0,0.1242,normal
2026-04-06T00:00:00,billing-worker,eu-central-1,137.98,0.0036,380.48,48.11,49.05,28.4,0.2329,normal
2026-04-06T00:00:00,auth-service,us-east-1,71.01,0.0072,1224.02,36.45,68.1,16.46,0.1742,normal
2026-04-06T00:00:00,auth-service,us-west-2,74.48,0.0053,1235.6,41.52,54.72,10.79,0.177,normal
2026-04-06T00:00:00,auth-service,eu-central-1,71.3,0.0086,1097.56,48.08,57.82,13.31,0.2111,normal
2026-04-06T00:00:00,search-api,us-east-1,98.52,0.0144,622.18,44.75,65.51,19.06,0.2216,normal
2026-04-06T00:00:00,search-api,us-west-2,101.24,0.0031,683.64,49.7,57.44,18.48,0.2174,normal
2026-04-06T00:00:00,search-api,eu-central-1,99.78,0.0104,738.82,38.24,56.02,27.97,0.2098,normal
2026-04-06T00:00:00,notification-service,us-east-1,81.79,0.0035,324.03,48.81,70.41,19.15,0.2164,normal
2026-04-06T00:00:00,notification-service,us-west-2,80.95,0.0113,337.89,51.0,61.66,23.74,0.2474,normal
2026-04-06T00:00:00,notification-service,eu-central-1,88.49,0.0106,312.23,40.78,69.08,28.12,0.2193,normal
2026-04-06T00:00:00,analytics-pipeline,us-east-1,193.83,0.0105,173.75,44.66,55.86,26.27,0.229,normal
2026-04-06T00:00:00,analytics-pipeline,us-west-2,175.84,0.0061,157.01,53.81,52.96,11.49,0.2229,normal
2026-04-06T00:00:00,analytics-pipeline,eu-central-1,185.95,0.0158,182.45,39.5,62.01,11.76,0.1908,normal
2026-04-06T01:00:00,checkout-api,us-east-1,103.1,0.0091,875.94,47.93,61.83,32.3,0.2503,normal
2026-04-06T01:00:00,checkout-api,us-west-2,112.01,0.0079,889.53,35.59,53.98,15.44,0.1704,normal
2026-04-06T01:00:00,checkout-api,eu-central-1,113.51,0.0064,788.55,34.35,49.97,16.62,0.1657,normal
2026-04-06T01:00:00,billing-worker,us-east-1,141.86,0.0046,367.56,38.88,60.86,22.65,0.1907,normal
2026-04-06T01:00:00,billing-worker,us-west-2,160.25,0.008,402.53,42.59,50.74,13.22,0.1906,normal
2026-04-06T01:00:00,billing-worker,eu-central-1,170.01,0.0084,427.55,48.27,69.52,16.59,0.218,normal
2026-04-06T01:00:00,auth-service,us-east-1,80.62,0.0079,1071.51,33.18,61.21,5.84,0.1422,normal
2026-04-06T01:00:00,auth-service,us-west-2,77.33,0.0057,1178.33,31.65,64.01,16.29,0.1544,normal
2026-04-06T01:00:00,auth-service,eu-central-1,66.3,0.0036,1157.25,29.66,60.48,21.69,0.1546,normal
2026-04-06T01:00:00,search-api,us-east-1,90.42,0.0143,784.86,44.39,61.35,21.59,0.2253,normal
2026-04-06T01:00:00,search-api,us-west-2,93.35,0.014,695.04,23.01,58.4,21.35,0.1494,normal
2026-04-06T01:00:00,search-api,eu-central-1,101.35,0.0048,782.41,35.82,62.54,23.53,0.1822,normal
2026-04-06T01:00:00,notification-service,us-east-1,86.43,0.0133,321.7,57.51,61.6,14.85,0.2556,normal
2026-04-06T01:00:00,notification-service,us-west-2,102.41,0.009,298.15,52.75,68.75,13.66,0.2287,normal
2026-04-06T01:00:00,notification-service,eu-central-1,78.75,0.0133,333.27,34.75,55.01,18.53,0.1834,normal
2026-04-06T01:00:00,analytics-pipeline,us-east-1,194.26,0.0149,168.41,53.62,48.04,23.41,0.2624,normal
2026-04-06T01:00:00,analytics-pipeline,us-west-2,178.64,0.0107,170.45,36.64,60.2,26.56,0.2018,normal
2026-04-06T01:00:00,analytics-pipeline,eu-central-1,149.72,0.0092,170.81,33.91,49.17,21.93,0.1801,normal
2026-04-06T02:00:00,checkout-api,us-east-1,109.85,0.0114,766.71,30.5,54.13,14.74,0.1575,normal
2026-04-06T02:00:00,checkout-api,us-west-2,119.67,0.0076,883.31,49.56,69.6,20.84,0.2297,normal
2026-04-06T02:00:00,checkout-api,eu-central-1,108.13,0.0163,854.13,28.44,53.2,15.65,0.1609,normal
2026-04-06T02:00:00,billing-worker,us-east-1,160.19,0.0102,416.79,42.8,58.58,13.65,0.1961,normal
2026-04-06T02:00:00,billing-worker,us-west-2,131.65,0.0109,396.27,46.36,54.68,14.84,0.2123,normal
2026-04-06T02:00:00,billing-worker,eu-central-1,149.72,0.0113,436.0,35.41,64.99,24.72,0.1948,normal
2026-04-06T02:00:00,auth-service,us-east-1,73.73,0.0095,1149.09,53.6,75.52,20.47,0.2466,normal
2026-04-06T02:00:00,auth-service,us-west-2,73.77,0.0126,1189.02,40.62,63.4,24.62,0.2152,normal
2026-04-06T02:00:00,auth-service,eu-central-1,72.97,0.0122,990.6,32.28,56.2,19.22,0.1743,normal
2026-04-06T02:00:00,search-api,us-east-1,84.61,0.0146,702.48,43.17,58.01,23.74,0.2259,normal
2026-04-06T02:00:00,search-api,us-west-2,91.07,0.0118,682.02,30.79,61.77,19.24,0.1684,normal
2026-04-06T02:00:00,search-api,eu-central-1,101.8,0.0017,724.59,37.15,57.03,15.04,0.1638,normal
2026-04-06T02:00:00,notification-service,us-east-1,82.82,0.0065,353.44,28.98,46.98,20.63,0.1553,normal
2026-04-06T02:00:00,notification-service,us-west-2,98.52,0.0061,313.23,33.16,51.39,27.5,0.1833,normal
2026-04-06T02:00:00,notification-service,eu-central-1,89.77,0.0124,339.37,43.79,54.35,10.67,0.1975,normal
2026-04-06T02:00:00,analytics-pipeline,us-east-1,189.26,0.0184,171.22,51.64,53.54,18.31,0.2513,normal
2026-04-06T02:00:00,analytics-pipeline,us-west-2,204.25,0.0087,182.29,37.76,71.02,8.68,0.1656,normal
2026-04-06T02:00:00,analytics-pipeline,eu-central-1,188.42,0.0081,177.45,44.77,67.19,24.66,0.2217,normal
2026-04-06T03:00:00,checkout-api,us-east-1,113.92,0.0104,817.56,52.2,68.71,21.68,0.2458,normal
2026-04-06T03:00:00,checkout-api,us-west-2,111.81,0.0081,797.01,49.49,53.38,32.56,0.2544,normal
2026-04-06T03:00:00,checkout-api,eu-central-1,110.96,0.0089,842.52,42.83,51.46,15.16,0.197,normal
2026-04-06T03:00:00,billing-worker,us-east-1,163.41,0.0079,432.3,41.29,61.11,11.0,0.1812,normal
2026-04-06T03:00:00,billing-worker,us-west-2,142.1,0.0073,353.57,56.72,62.28,17.38,0.2472,normal
2026-04-06T03:00:00,billing-worker,eu-central-1,133.19,0.0091,361.75,34.65,57.01,34.43,0.2081,normal
2026-04-06T03:00:00,auth-service,us-east-1,65.13,0.0111,1113.32,19.94,48.71,16.99,0.1246,normal
2026-04-06T03:00:00,auth-service,us-west-2,75.6,0.0061,1281.91,46.09,54.0,5.49,0.1836,normal
2026-04-06T03:00:00,auth-service,eu-central-1,76.25,0.0065,1227.21,34.06,66.38,14.51,0.1605,normal
2026-04-06T03:00:00,search-api,us-east-1,96.73,0.008,747.67,50.76,54.58,11.13,0.2148,normal
2026-04-06T03:00:00,search-api,us-west-2,109.24,0.0126,805.92,49.3,59.17,30.45,0.2576,normal
2026-04-06T03:00:00,search-api,eu-central-1,90.35,0.0074,701.15,47.24,52.47,16.67,0.2127,normal
2026-04-06T03:00:00,notification-service,us-east-1,79.68,0.0081,355.47,50.48,56.75,37.44,0.2679,normal
2026-04-06T03:00:00,notification-service,us-west-2,80.61,0.0108,321.95,25.13,50.19,27.47,0.1635,normal
2026-04-06T03:00:00,notification-service,eu-central-1,74.32,0.0202,329.37,44.08,66.75,18.24,0.2279,normal
2026-04-06T03:00:00,analytics-pipeline,us-east-1,171.62,0.0067,164.78,46.22,55.04,21.93,0.2186,normal
2026-04-06T03:00:00,analytics-pipeline,us-west-2,159.49,0.0074,197.99,44.8,57.53,27.07,0.2254,normal
2026-04-06T03:00:00,analytics-pipeline,eu-central-1,184.34,0.0149,162.3,47.88,51.02,23.21,0.2418,normal
2026-04-06T04:00:00,checkout-api,us-east-1,125.32,0.0148,828.37,45.23,61.34,12.51,0.2106,normal
2026-04-06T04:00:00,checkout-api,us-west-2,107.25,0.0049,929.37,48.99,57.11,23.27,0.228,normal
2026-04-06T04:00:00,checkout-api,eu-central-1,124.71,0.0084,772.17,44.58,55.13,12.05,0.1958,normal
2026-04-06T04:00:00,billing-worker,us-east-1,155.51,0.0128,401.76,54.5,53.92,14.83,0.2442,normal
2026-04-06T04:00:00,billing-worker,us-west-2,150.08,0.001,320.21,44.65,56.75,18.47,0.1958,normal
2026-04-06T04:00:00,billing-worker,eu-central-1,134.49,0.0099,413.02,37.18,62.04,16.84,0.1824,normal
2026-04-06T04:00:00,auth-service,us-east-1,74.24,0.0095,1262.08,46.0,62.86,19.17,0.2172,normal
2026-04-06T04:00:00,auth-service,us-west-2,62.62,0.0126,1150.62,42.75,54.74,6.22,0.1851,normal
2026-04-06T04:00:00,auth-service,eu-central-1,83.86,0.016,1266.64,27.94,61.93,9.0,0.145,normal
2026-04-06T04:00:00,search-api,us-east-1,93.82,0.007,690.5,36.12,54.89,23.95,0.1881,normal
2026-04-06T04:00:00,search-api,us-west-2,107.1,0.0126,718.18,40.91,56.5,17.86,0.2023,normal
2026-04-06T04:00:00,search-api,eu-central-1,90.59,0.0083,757.37,40.29,52.6,17.08,0.1909,normal
2026-04-06T04:00:00,notification-service,us-east-1,85.72,0.0087,326.16,47.41,57.84,10.29,0.2027,normal
2026-04-06T04:00:00,notification-service,us-west-2,88.91,0.0063,347.94,48.27,61.45,20.37,0.2219,normal
2026-04-06T04:00:00,notification-service,eu-central-1,76.2,0.0083,334.28,46.9,50.47,16.83,0.2134,normal
2026-04-06T04:00:00,analytics-pipeline,us-east-1,158.68,0.0097,175.91,42.95,69.44,23.64,0.2161,normal
2026-04-06T04:00:00,analytics-pipeline,us-west-2,177.56,0.0068,170.06,48.01,64.39,14.16,0.2092,normal
2026-04-06T04:00:00,analytics-pipeline,eu-central-1,178.64,0.0073,182.67,43.47,53.2,11.24,0.1884,normal
2026-04-06T05:00:00,checkout-api,us-east-1,115.84,0.0036,774.0,18.47,72.05,13.9,0.0996,normal
2026-04-06T05:00:00,checkout-api,us-west-2,112.18,0.0112,921.92,50.71,54.92,17.89,0.2342,normal
2026-04-06T05:00:00,checkout-api,eu-central-1,113.25,0.0111,832.81,36.23,48.23,20.0,0.1878,normal
2026-04-06T05:00:00,billing-worker,us-east-1,139.16,0.0031,373.08,44.5,59.38,16.32,0.1946,normal
2026-04-06T05:00:00,billing-worker,us-west-2,147.07,0.0115,357.25,35.77,64.81,23.64,0.1943,normal
2026-04-06T05:00:00,billing-worker,eu-central-1,129.25,0.0062,422.71,47.77,57.13,25.82,0.2313,normal
2026-04-06T05:00:00,auth-service,us-east-1,83.18,0.0144,1048.82,32.11,54.63,17.64,0.1744,normal
2026-04-06T05:00:00,auth-service,us-west-2,73.02,0.0099,1260.58,50.43,64.95,18.0,0.2312,normal
2026-04-06T05:00:00,auth-service,eu-central-1,84.85,0.0108,1169.32,41.88,45.49,34.48,0.2365,normal
2026-04-06T05:00:00,search-api,us-east-1,94.96,0.0124,822.81,40.56,50.12,25.81,0.2171,normal
2026-04-06T05:00:00,search-api,us-west-2,96.94,0.0054,762.89,42.11,51.61,0,0.1571,normal
2026-04-06T05:00:00,search-api,eu-central-1,87.7,0.0105,670.76,49.45,73.31,20.47,0.2338,normal
2026-04-06T05:00:00,notification-service,us-east-1,86.64,0.0087,349.94,42.27,65.29,28.88,0.2227,normal
2026-04-06T05:00:00,notification-service,us-west-2,90.85,0.0053,345.79,40.01,60.29,25.42,0.2017,normal
2026-04-06T05:00:00,notification-service,eu-central-1,80.69,0.0098,362.87,35.65,56.81,23.57,0.1906,normal
2026-04-06T05:00:00,analytics-pipeline,us-east-1,176.98,0.0129,163.65,30.58,60.74,16.98,0.165,normal
2026-04-06T05:00:00,analytics-pipeline,us-west-2,184.72,0.0127,186.84,39.37,55.46,3.24,0.1673,normal
2026-04-06T05:00:00,analytics-pipeline,eu-central-1,166.41,0.0099,177.46,30.71,63.56,17.72,0.1616,normal
2026-04-06T06:00:00,checkout-api,us-east-1,114.29,0.0077,929.43,33.59,45.32,11.88,0.1557,normal
2026-04-06T06:00:00,checkout-api,us-west-2,110.96,0.0106,768.82,43.15,62.76,30.81,0.2331,normal
2026-04-06T06:00:00,checkout-api,eu-central-1,111.63,0.011,786.02,44.87,44.52,15.78,0.209,normal
2026-04-06T06:00:00,billing-worker,us-east-1,140.97,0.0053,361.6,40.96,62.15,13.11,0.1797,normal
2026-04-06T06:00:00,billing-worker,us-west-2,148.66,0.0117,386.27,56.57,55.97,12.46,0.2446,normal
2026-04-06T06:00:00,billing-worker,eu-central-1,123.43,0.0131,403.75,40.62,60.28,17.04,0.2006,normal
2026-04-06T06:00:00,auth-service,us-east-1,80.28,0.009,1168.16,41.43,51.99,1.16,0.1635,normal
2026-04-06T06:00:00,auth-service,us-west-2,78.33,0.0043,1180.81,46.88,71.16,12.37,0.1971,normal
2026-04-06T06:00:00,auth-service,eu-central-1,75.99,0.0126,1101.7,37.56,61.22,33.7,0.2231,normal
2026-04-06T06:00:00,search-api,us-east-1,103.24,0.0126,673.83,47.03,66.01,8.44,0.2046,normal
2026-04-06T06:00:00,search-api,us-west-2,95.21,0.0083,748.26,28.81,63.01,18.02,0.1526,normal
2026-04-06T06:00:00,search-api,eu-central-1,93.13,0.001,622.43,37.91,62.63,21.25,0.1779,normal
2026-04-06T06:00:00,notification-service,us-east-1,90.16,0.0026,335.89,52.24,47.38,22.96,0.2344,normal
2026-04-06T06:00:00,notification-service,us-west-2,80.21,0.0111,333.69,29.69,50.84,27.67,0.1805,normal
2026-04-06T06:00:00,notification-service,eu-central-1,84.38,0.0137,338.77,48.79,55.38,19.69,0.2357,normal
2026-04-06T06:00:00,analytics-pipeline,us-east-1,174.93,0.0124,168.49,50.42,69.0,8.81,0.2169,normal
2026-04-06T06:00:00,analytics-pipeline,us-west-2,177.81,0.0111,195.01,50.73,58.71,4.92,0.2075,normal
2026-04-06T06:00:00,analytics-pipeline,eu-central-1,192.21,0.0068,177.17,45.08,48.34,26.08,0.2233,normal
2026-04-06T07:00:00,checkout-api,us-east-1,112.75,0.0112,908.52,44.72,48.42,14.18,0.2057,normal
2026-04-06T07:00:00,checkout-api,us-west-2,111.91,0.0078,876.25,44.84,58.71,19.97,0.2117,normal
2026-04-06T07:00:00,checkout-api,eu-central-1,109.16,0.009,812.7,39.99,64.73,12.9,0.1826,normal
2026-04-06T07:00:00,billing-worker,us-east-1,150.57,0.0102,364.79,20.68,57.98,12.15,0.1155,normal
2026-04-06T07:00:00,billing-worker,us-west-2,137.98,0.0125,367.64,44.65,58.91,19.53,0.2188,normal
2026-04-06T07:00:00,billing-worker,eu-central-1,168.01,0.0016,410.81,40.93,56.17,12.97,0.1726,normal
2026-04-06T07:00:00,auth-service,us-east-1,75.32,0.0092,1083.13,54.4,52.97,16.99,0.2417,normal
2026-04-06T07:00:00,auth-service,us-west-2,67.57,0.0096,1177.5,50.21,64.88,14.24,0.2221,normal
2026-04-06T07:00:00,auth-service,eu-central-1,84.6,0.0086,1266.09,54.95,55.32,9.91,0.2281,normal
2026-04-06T07:00:00,search-api,us-east-1,99.18,0.0144,736.67,50.28,62.21,24.72,0.2525,normal
2026-04-06T07:00:00,search-api,us-west-2,105.04,0.0079,652.84,41.12,52.64,9.03,0.1766,normal
2026-04-06T07:00:00,search-api,eu-central-1,93.85,0.0117,633.05,30.59,63.61,11.32,0.1513,normal
2026-04-06T07:00:00,notification-service,us-east-1,82.47,0.0141,355.43,44.71,61.82,0,0.1819,normal
2026-04-06T07:00:00,notification-service,us-west-2,88.82,0.0104,301.84,43.39,61.25,17.14,0.2057,normal
2026-04-06T07:00:00,notification-service,eu-central-1,90.4,0.0123,332.6,40.14,49.94,26.61,0.2171,normal
2026-04-06T07:00:00,analytics-pipeline,us-east-1,172.06,0.0102,192.19,47.85,49.32,17.36,0.2214,normal
2026-04-06T07:00:00,analytics-pipeline,us-west-2,170.07,0.0028,165.93,46.41,60.43,16.45,0.2011,normal
2026-04-06T07:00:00,analytics-pipeline,eu-central-1,182.67,0.0046,166.32,40.76,63.58,15.6,0.1829,normal
2026-04-06T08:00:00,checkout-api,us-east-1,103.74,0.0103,1242.28,32.51,61.77,19.41,0.172,normal
2026-04-06T08:00:00,checkout-api,us-west-2,104.52,0.0099,1048.3,42.23,56.45,8.71,0.1835,normal
2026-04-06T08:00:00,checkout-api,eu-central-1,112.1,0.0086,1140.47,47.73,51.73,12.61,0.2082,normal
2026-04-06T08:00:00,billing-worker,us-east-1,154.57,0.0123,562.86,38.57,48.06,6.83,0.1711,normal
2026-04-06T08:00:00,billing-worker,us-west-2,131.46,0.0094,506.77,36.93,51.12,12.77,0.1723,normal
2026-04-06T08:00:00,billing-worker,eu-central-1,140.96,0.0135,528.22,52.32,63.73,23.74,0.2559,normal
2026-04-06T08:00:00,auth-service,us-east-1,82.02,0.0107,1639.63,50.53,70.61,19.64,0.2363,normal
2026-04-06T08:00:00,auth-service,us-west-2,70.49,0.0185,1505.1,45.93,55.47,12.77,0.2201,normal
2026-04-06T08:00:00,auth-service,eu-central-1,77.64,0.0048,1514.04,52.63,58.93,24.19,0.2423,normal
2026-04-06T08:00:00,search-api,us-east-1,99.87,0.0105,956.97,46.62,51.39,22.4,0.2278,normal
2026-04-06T08:00:00,search-api,us-west-2,87.03,0.0062,924.97,31.95,44.49,20.88,0.1656,normal
2026-04-06T08:00:00,search-api,eu-central-1,98.84,0.0115,1053.97,43.33,63.22,12.4,0.1977,normal
2026-04-06T08:00:00,notification-service,us-east-1,89.81,0.0047,481.37,34.75,55.23,23.64,0.1785,normal
2026-04-06T08:00:00,notification-service,us-west-2,70.33,0.0141,419.13,43.51,64.82,19.18,0.2168,normal
2026-04-06T08:00:00,notification-service,eu-central-1,91.32,0.0071,452.02,25.62,68.5,13.01,0.1291,normal
2026-04-06T08:00:00,analytics-pipeline,us-east-1,167.84,0.0091,250.98,36.71,57.9,15.29,0.1761,normal
2026-04-06T08:00:00,analytics-pipeline,us-west-2,166.86,0.0041,238.51,47.33,52.86,19.72,0.2134,normal
2026-04-06T08:00:00,analytics-pipeline,eu-central-1,186.46,0.0104,230.0,42.35,59.95,9.99,0.1874,normal
2026-04-06T09:00:00,checkout-api,us-east-1,103.85,0.012,1127.85,51.89,56.39,9.72,0.2231,normal
2026-04-06T09:00:00,checkout-api,us-west-2,102.61,0.0039,1193.59,30.02,58.15,16.23,0.1453,normal
2026-04-06T09:00:00,checkout-api,eu-central-1,102.53,0.0106,1175.46,37.81,63.69,14.62,0.1813,normal
2026-04-06T09:00:00,billing-worker,us-east-1,155.33,0.0141,521.88,48.98,48.8,22.25,0.2423,normal
2026-04-06T09:00:00,billing-worker,us-west-2,127.98,0.0083,529.81,21.82,52.65,12.19,0.1163,normal
2026-04-06T09:00:00,billing-worker,eu-central-1,134.28,0.0091,528.34,33.3,53.73,4.03,0.1412,normal
2026-04-06T09:00:00,auth-service,us-east-1,70.85,0.0011,1413.96,45.53,64.08,11.88,0.1857,normal
2026-04-06T09:00:00,auth-service,us-west-2,77.09,0.0061,1604.21,55.17,41.03,11.48,0.2275,normal
2026-04-06T09:00:00,auth-service,eu-central-1,71.23,0.0072,1640.81,53.84,57.93,22.81,0.2481,normal
2026-04-06T09:00:00,search-api,us-east-1,83.1,0.0079,938.52,40.88,60.07,6.24,0.17,normal
2026-04-06T09:00:00,search-api,us-west-2,87.2,0.0171,871.69,42.45,63.04,21.71,0.2237,normal
2026-04-06T09:00:00,search-api,eu-central-1,95.44,0.0029,930.09,30.26,71.56,20.71,0.1536,normal
2026-04-06T09:00:00,notification-service,us-east-1,89.89,0.0098,430.94,50.9,64.1,22.79,0.2424,normal
2026-04-06T09:00:00,notification-service,us-west-2,88.92,0.0118,433.28,45.25,58.57,16.12,0.2126,normal
2026-04-06T09:00:00,notification-service,eu-central-1,89.35,0.0171,396.03,52.83,55.01,27.05,0.2709,normal
2026-04-06T09:00:00,analytics-pipeline,us-east-1,165.54,0.0083,243.34,41.47,60.42,8.9,0.1783,normal
2026-04-06T09:00:00,analytics-pipeline,us-west-2,163.74,0.0153,233.58,41.35,48.46,10.2,0.1931,normal
2026-04-06T09:00:00,analytics-pipeline,eu-central-1,165.37,0.0088,230.52,37.41,53.38,18.84,0.1853,normal
2026-04-06T10:00:00,checkout-api,us-east-1,114.7,0.0037,1079.3,50.5,48.16,14.92,0.214,normal
2026-04-06T10:00:00,checkout-api,us-west-2,105.98,0.0159,1044.34,20.14,57.45,26.09,0.1524,normal
2026-04-06T10:00:00,checkout-api,eu-central-1,106.19,0.006,1169.73,26.5,63.69,29.15,0.1631,normal
2026-04-06T10:00:00,billing-worker,us-east-1,142.67,0.0121,486.21,53.13,53.55,11.99,0.2323,normal
2026-04-06T10:00:00,billing-worker,us-west-2,136.29,0.0023,529.13,57.1,48.14,16.51,0.2378,normal
2026-04-06T10:00:00,billing-worker,eu-central-1,150.14,0.0069,473.59,44.52,64.94,18.8,0.2066,normal
2026-04-06T10:00:00,auth-service,us-east-1,68.67,0.0079,1382.22,41.56,66.42,26.38,0.2136,normal
2026-04-06T10:00:00,auth-service,us-west-2,74.5,0.0106,1486.68,42.99,53.89,19.24,0.209,normal
2026-04-06T10:00:00,auth-service,eu-central-1,71.94,0.0097,1576.39,41.87,49.06,21.78,0.2086,normal
2026-04-06T10:00:00,search-api,us-east-1,93.16,0.0071,977.62,35.7,64.44,22.22,0.1832,normal
2026-04-06T10:00:00,search-api,us-west-2,89.83,0.0064,946.05,35.16,64.54,0.98,0.1365,normal
2026-04-06T10:00:00,search-api,eu-central-1,96.11,0.0077,901.08,46.76,54.67,21.44,0.2214,normal
2026-04-06T10:00:00,notification-service,us-east-1,82.09,0.0079,450.35,49.23,64.88,17.84,0.2231,normal
2026-04-06T10:00:00,notification-service,us-west-2,94.93,0.0077,410.25,27.9,48.05,11.48,0.135,normal
2026-04-06T10:00:00,notification-service,eu-central-1,73.07,0.0102,439.92,41.73,59.64,17.18,0.1996,normal
2026-04-06T10:00:00,analytics-pipeline,us-east-1,176.43,0.0078,232.27,33.49,66.81,29.64,0.1919,normal
2026-04-06T10:00:00,analytics-pipeline,us-west-2,180.49,0.0176,220.93,48.82,46.84,22.57,0.2487,normal
2026-04-06T10:00:00,analytics-pipeline,eu-central-1,169.45,0.0128,233.09,49.2,62.19,21.98,0.2402,normal
2026-04-06T11:00:00,checkout-api,us-east-1,102.75,0.015,1179.13,45.66,67.89,16.06,0.2197,normal
2026-04-06T11:00:00,checkout-api,us-west-2,119.42,0.0131,1163.5,31.05,66.4,15.66,0.1643,normal
2026-04-06T11:00:00,checkout-api,eu-central-1,105.82,0.0095,1212.66,46.8,45.47,13.04,0.2075,normal
2026-04-06T11:00:00,billing-worker,us-east-1,149.02,0.0097,532.17,46.3,69.22,12.55,0.2051,normal
2026-04-06T11:00:00,billing-worker,us-west-2,159.93,0.0105,519.96,47.18,55.71,23.42,0.2319,normal
2026-04-06T11:00:00,billing-worker,eu-central-1,142.66,0.0117,493.65,50.89,47.55,13.05,0.2259,normal
2026-04-06T11:00:00,auth-service,us-east-1,74.74,0.0099,1466.55,38.98,59.79,25.95,0.2073,normal
2026-04-06T11:00:00,auth-service,us-west-2,82.65,0.0072,1520.39,39.65,47.55,14.63,0.1817,normal
2026-04-06T11:00:00,auth-service,eu-central-1,81.69,0.0039,1736.08,49.41,69.94,19.41,0.2197,normal
2026-04-06T11:00:00,search-api,us-east-1,77.83,0.0107,1024.96,37.66,66.76,23.75,0.1996,normal
2026-04-06T11:00:00,search-api,us-west-2,100.9,0.0118,978.77,46.93,66.25,21.22,0.229,normal
2026-04-06T11:00:00,search-api,eu-central-1,99.76,0.0106,958.29,35.44,45.69,10.35,0.1643,normal
2026-04-06T11:00:00,notification-service,us-east-1,76.76,0.0034,453.96,39.53,66.78,41.66,0.2297,normal
2026-04-06T11:00:00,notification-service,us-west-2,90.21,0.0073,447.41,40.48,60.0,33.8,0.2239,normal
2026-04-06T11:00:00,notification-service,eu-central-1,95.72,0.0138,445.43,55.52,63.75,24.77,0.2699,normal
2026-04-06T11:00:00,analytics-pipeline,us-east-1,163.57,0.0067,233.78,40.38,54.47,2.87,0.1592,normal
2026-04-06T11:00:00,analytics-pipeline,us-west-2,169.54,0.0086,235.34,33.89,57.14,31.74,0.199,normal
2026-04-06T11:00:00,analytics-pipeline,eu-central-1,182.36,0.0016,229.82,42.05,66.77,19.5,0.1899,normal
2026-04-06T12:00:00,checkout-api,us-east-1,116.4,0.0103,1225.04,52.28,68.63,19.53,0.2414,normal
2026-04-06T12:00:00,checkout-api,us-west-2,110.38,0.0239,1091.13,43.54,61.34,12.7,0.2214,normal
2026-04-06T12:00:00,checkout-api,eu-central-1,111.91,0.0084,1203.94,43.49,51.66,25.99,0.2205,normal
2026-04-06T12:00:00,billing-worker,us-east-1,167.99,0.0125,519.62,28.96,60.29,17.81,0.1603,normal
2026-04-06T12:00:00,billing-worker,us-west-2,136.09,0.0017,523.7,49.42,62.96,35.34,0.2484,normal
2026-04-06T12:00:00,billing-worker,eu-central-1,123.51,0.0104,511.94,52.85,57.84,10.68,0.2255,normal
2026-04-06T12:00:00,auth-service,us-east-1,74.72,0.0107,1471.66,36.07,59.9,24.69,0.1959,normal
2026-04-06T12:00:00,auth-service,us-west-2,73.7,0.0109,1488.73,39.44,59.39,25.4,0.2096,normal
2026-04-06T12:00:00,auth-service,eu-central-1,84.41,0.0085,1558.82,57.01,63.81,15.31,0.2462,normal
2026-04-06T12:00:00,search-api,us-east-1,98.14,0.0036,855.92,36.24,53.17,7.84,0.1494,normal
2026-04-06T12:00:00,search-api,us-west-2,287.66,0.0234,745.79,80.94,56.68,19.14,0.3645,index_rebuild_resource_contention
2026-04-06T12:00:00,search-api,eu-central-1,109.51,0.0015,950.65,47.33,56.7,17.26,0.2036,normal
2026-04-06T12:00:00,notification-service,us-east-1,87.15,0.0099,432.36,50.25,61.56,29.5,0.2541,normal
2026-04-06T12:00:00,notification-service,us-west-2,85.71,0.0014,404.54,38.15,61.22,5.62,0.1476,normal
2026-04-06T12:00:00,notification-service,eu-central-1,81.34,0.0138,446.57,36.63,57.35,18.92,0.1917,normal
2026-04-06T12:00:00,analytics-pipeline,us-east-1,174.29,0.0078,224.88,43.74,68.94,29.13,0.2268,normal
2026-04-06T12:00:00,analytics-pipeline,us-west-2,162.7,0.0179,230.66,31.38,47.92,19.14,0.1811,normal
2026-04-06T12:00:00,analytics-pipeline,eu-central-1,183.49,0.0066,223.05,40.4,59.89,23.18,0.2007,normal
2026-04-06T13:00:00,checkout-api,us-east-1,109.7,0.001,1126.8,44.04,60.66,24.14,0.2053,normal
2026-04-06T13:00:00,checkout-api,us-west-2,92.94,0.015,1093.61,40.51,54.94,14.44,0.1983,normal
2026-04-06T13:00:00,checkout-api,eu-central-1,98.78,0.0121,1203.65,44.73,49.44,13.26,0.2055,normal
2026-04-06T13:00:00,billing-worker,us-east-1,144.55,0.0105,499.21,40.0,76.01,18.52,0.1969,normal
2026-04-06T13:00:00,billing-worker,us-west-2,141.82,0.001,494.38,54.47,63.88,8.97,0.2108,normal
2026-04-06T13:00:00,billing-worker,eu-central-1,154.08,0.0097,493.34,48.1,53.97,15.74,0.218,normal
2026-04-06T13:00:00,auth-service,us-east-1,75.22,0.0098,1494.39,44.31,58.14,19.54,0.2128,normal
2026-04-06T13:00:00,auth-service,us-west-2,77.37,0.0066,1426.57,41.49,66.51,20.57,0.1992,normal
2026-04-06T13:00:00,auth-service,eu-central-1,76.42,0.0062,1443.08,32.58,51.89,15.2,0.1563,normal
2026-04-06T13:00:00,search-api,us-east-1,83.75,0.0086,881.01,47.02,57.95,4.65,0.1895,normal
2026-04-06T13:00:00,search-api,us-west-2,255.05,0.0317,756.36,91.11,55.74,35.56,0.4487,index_rebuild_resource_contention
2026-04-06T13:00:00,search-api,eu-central-1,93.41,0.0111,921.02,40.82,59.11,15.41,0.1944,normal
2026-04-06T13:00:00,notification-service,us-east-1,77.99,0.0142,450.02,35.11,71.46,12.23,0.1734,normal
2026-04-06T13:00:00,notification-service,us-west-2,79.38,0.0076,450.8,53.45,67.42,22.26,0.2463,normal
2026-04-06T13:00:00,notification-service,eu-central-1,85.57,0.0116,423.15,36.7,61.72,19.58,0.1893,normal
2026-04-06T13:00:00,analytics-pipeline,us-east-1,183.54,0.0052,234.74,31.1,64.41,18.14,0.1552,normal
2026-04-06T13:00:00,analytics-pipeline,us-west-2,171.28,0.0072,262.7,65.9,53.38,28.47,0.3019,normal
2026-04-06T13:00:00,analytics-pipeline,eu-central-1,139.8,0.0133,232.21,44.0,51.64,8.07,0.1945,normal
2026-04-06T14:00:00,checkout-api,us-east-1,107.08,0.0073,1187.86,50.12,57.34,22.14,0.2339,normal
2026-04-06T14:00:00,checkout-api,us-west-2,106.58,0.0099,1131.45,43.88,61.08,18.64,0.2096,normal
2026-04-06T14:00:00,checkout-api,eu-central-1,101.47,0.0035,1101.25,53.97,65.0,20.31,0.2367,normal
2026-04-06T14:00:00,billing-worker,us-east-1,148.49,0.0085,529.47,49.37,56.45,20.42,0.2298,normal
2026-04-06T14:00:00,billing-worker,us-west-2,155.94,0.003,490.0,37.71,50.27,14.72,0.1675,normal
2026-04-06T14:00:00,billing-worker,eu-central-1,135.75,0.0075,524.52,33.11,58.8,28.57,0.1879,normal
2026-04-06T14:00:00,auth-service,us-east-1,76.22,0.0044,1482.64,50.95,56.36,13.28,0.2134,normal
2026-04-06T14:00:00,auth-service,us-west-2,79.65,0.0063,1445.81,46.73,58.26,13.11,0.2017,normal
2026-04-06T14:00:00,auth-service,eu-central-1,77.81,0.0132,1604.71,42.85,61.23,21.84,0.2185,normal
2026-04-06T14:00:00,search-api,us-east-1,84.27,0.0154,922.65,37.81,52.59,10.72,0.1819,normal
2026-04-06T14:00:00,search-api,us-west-2,288.9,0.029,722.65,53.46,59.27,37.13,0.3152,index_rebuild_resource_contention
2026-04-06T14:00:00,search-api,eu-central-1,87.59,0.0087,870.09,47.0,49.92,21.86,0.2248,normal
2026-04-06T14:00:00,notification-service,us-east-1,85.78,0.001,416.33,37.08,63.47,22.61,0.1778,normal
2026-04-06T14:00:00,notification-service,us-west-2,89.27,0.0154,433.65,38.19,45.48,10.21,0.1823,normal
2026-04-06T14:00:00,notification-service,eu-central-1,88.82,0.0058,421.46,49.32,41.51,28.67,0.2418,normal
2026-04-06T14:00:00,analytics-pipeline,us-east-1,198.18,0.0022,237.18,42.0,64.25,15.49,0.1826,normal
2026-04-06T14:00:00,analytics-pipeline,us-west-2,178.62,0.0144,225.52,45.26,62.39,17.2,0.2195,normal
2026-04-06T14:00:00,analytics-pipeline,eu-central-1,192.43,0.011,241.14,29.1,51.17,20.32,0.1632,normal
2026-04-06T15:00:00,checkout-api,us-east-1,114.61,0.0145,1160.94,36.4,50.78,3.25,0.1601,normal
2026-04-06T15:00:00,checkout-api,us-west-2,101.14,0.0112,1156.26,30.83,57.48,18.46,0.1659,normal
2026-04-06T15:00:00,checkout-api,eu-central-1,99.14,0.0146,1184.15,50.46,58.82,10.66,0.2247,normal
2026-04-06T15:00:00,billing-worker,us-east-1,157.29,0.0133,498.76,31.94,63.64,13.76,0.1638,normal
2026-04-06T15:00:00,billing-worker,us-west-2,132.3,0.0087,526.29,36.36,58.39,25.65,0.1954,normal
2026-04-06T15:00:00,billing-worker,eu-central-1,153.57,0.0031,530.25,55.61,64.33,17.42,0.2359,normal
2026-04-06T15:00:00,auth-service,us-east-1,77.25,0.003,1484.42,38.12,72.09,18.09,0.1759,normal
2026-04-06T15:00:00,auth-service,us-west-2,69.52,0.0155,1615.16,29.5,56.8,5.2,0.1418,normal
2026-04-06T15:00:00,auth-service,eu-central-1,81.1,0.001,1660.06,34.03,51.14,34.22,0.1909,normal
2026-04-06T15:00:00,search-api,us-east-1,99.07,0.0104,991.1,34.53,64.02,15.95,0.1722,normal
2026-04-06T15:00:00,search-api,us-west-2,277.09,0.0317,791.52,61.3,48.82,48.44,0.3708,index_rebuild_resource_contention
2026-04-06T15:00:00,search-api,eu-central-1,112.4,0.0111,945.13,47.22,50.04,18.77,0.2237,normal
2026-04-06T15:00:00,notification-service,us-east-1,74.2,0.0095,454.65,55.05,54.78,25.19,0.2613,normal
2026-04-06T15:00:00,notification-service,us-west-2,93.89,0.005,433.98,27.92,52.28,21.43,0.1506,normal
2026-04-06T15:00:00,notification-service,eu-central-1,71.93,0.0079,454.62,53.05,41.39,21.03,0.2429,normal
2026-04-06T15:00:00,analytics-pipeline,us-east-1,171.82,0.001,220.95,46.61,58.02,23.46,0.2129,normal
2026-04-06T15:00:00,analytics-pipeline,us-west-2,176.15,0.0116,221.4,34.62,57.06,4.71,0.1516,normal
2026-04-06T15:00:00,analytics-pipeline,eu-central-1,197.33,0.0081,221.34,35.47,51.67,19.03,0.1776,normal
2026-04-06T16:00:00,checkout-api,us-east-1,102.23,0.0123,1097.28,41.53,48.04,14.53,0.1973,normal
2026-04-06T16:00:00,checkout-api,us-west-2,116.08,0.0086,1208.66,41.61,50.83,11.34,0.1843,normal
2026-04-06T16:00:00,checkout-api,eu-central-1,96.12,0.0103,1172.85,64.57,69.3,24.58,0.2949,normal
2026-04-06T16:00:00,billing-worker,us-east-1,134.39,0.0095,491.01,60.1,53.3,27.04,0.2827,normal
2026-04-06T16:00:00,billing-worker,us-west-2,130.25,0.012,483.36,38.51,59.27,19.14,0.1955,normal
2026-04-06T16:00:00,billing-worker,eu-central-1,144.56,0.0088,492.15,41.24,57.66,10.92,0.1825,normal
2026-04-06T16:00:00,auth-service,us-east-1,78.37,0.0097,1472.25,52.06,54.3,3.49,0.2068,normal
2026-04-06T16:00:00,auth-service,us-west-2,82.36,0.0076,1631.34,45.4,52.17,26.65,0.2271,normal
2026-04-06T16:00:00,auth-service,eu-central-1,77.75,0.0126,1529.29,54.04,64.34,15.51,0.2435,normal
2026-04-06T16:00:00,search-api,us-east-1,84.2,0.0089,955.49,34.5,56.84,29.59,0.1972,normal
2026-04-06T16:00:00,search-api,us-west-2,256.76,0.0427,710.26,65.74,64.39,35.19,0.379,index_rebuild_resource_contention
2026-04-06T16:00:00,search-api,eu-central-1,96.71,0.013,1025.29,32.56,62.02,19.82,0.1779,normal
2026-04-06T16:00:00,notification-service,us-east-1,86.05,0.0159,434.56,37.51,61.5,2.49,0.165,normal
2026-04-06T16:00:00,notification-service,us-west-2,87.5,0.0056,446.26,36.36,61.51,16.17,0.1704,normal
2026-04-06T16:00:00,notification-service,eu-central-1,80.46,0.0111,454.98,29.72,49.48,16.04,0.1568,normal
2026-04-06T16:00:00,analytics-pipeline,us-east-1,174.97,0.0141,249.26,45.74,65.43,15.56,0.2174,normal
2026-04-06T16:00:00,analytics-pipeline,us-west-2,161.39,0.0102,212.79,54.62,59.81,27.01,0.2648,normal
2026-04-06T16:00:00,analytics-pipeline,eu-central-1,171.39,0.0028,229.77,45.82,56.66,14.15,0.1944,normal
2026-04-06T17:00:00,checkout-api,us-east-1,105.75,0.0083,1235.67,31.99,43.3,17.33,0.1623,normal
2026-04-06T17:00:00,checkout-api,us-west-2,107.28,0.0031,1157.53,45.46,60.34,20.4,0.2065,normal
2026-04-06T17:00:00,checkout-api,eu-central-1,99.07,0.0035,1211.74,39.36,48.91,30.02,0.2054,normal
2026-04-06T17:00:00,billing-worker,us-east-1,153.34,0.001,574.99,43.19,47.3,25.43,0.205,normal
2026-04-06T17:00:00,billing-worker,us-west-2,148.79,0.0138,513.01,29.24,56.98,14.75,0.1574,normal
2026-04-06T17:00:00,billing-worker,eu-central-1,148.35,0.0083,526.22,32.65,54.42,14.07,0.158,normal
2026-04-06T17:00:00,auth-service,us-east-1,77.45,0.0024,1525.94,60.44,46.02,26.02,0.2692,normal
2026-04-06T17:00:00,auth-service,us-west-2,75.64,0.0128,1529.68,44.05,60.53,21.59,0.2215,normal
2026-04-06T17:00:00,auth-service,eu-central-1,68.15,0.0085,1656.73,53.0,52.41,10.75,0.2228,normal
2026-04-06T17:00:00,search-api,us-east-1,93.82,0.0131,993.18,37.52,42.17,17.68,0.1911,normal
2026-04-06T17:00:00,search-api,us-west-2,232.4,0.0437,794.4,89.71,62.05,47.05,0.4888,index_rebuild_resource_contention
2026-04-06T17:00:00,search-api,eu-central-1,108.48,0.0132,1016.74,33.18,54.6,18.03,0.1768,normal
2026-04-06T17:00:00,notification-service,us-east-1,70.56,0.0079,438.97,41.53,75.0,16.47,0.1933,normal
2026-04-06T17:00:00,notification-service,us-west-2,83.78,0.0086,432.31,31.1,65.58,18.22,0.1615,normal
2026-04-06T17:00:00,notification-service,eu-central-1,87.42,0.0092,423.28,29.72,56.14,22.16,0.1658,normal
2026-04-06T17:00:00,analytics-pipeline,us-east-1,178.45,0.0118,223.26,39.77,59.05,17.26,0.1958,normal
2026-04-06T17:00:00,analytics-pipeline,us-west-2,182.53,0.0146,227.31,43.07,53.69,22.23,0.2224,normal
2026-04-06T17:00:00,analytics-pipeline,eu-central-1,183.2,0.0062,220.87,32.78,56.15,19.21,0.1652,normal
2026-04-06T18:00:00,checkout-api,us-east-1,101.08,0.0086,1166.75,60.17,65.96,35.94,0.2996,normal
2026-04-06T18:00:00,checkout-api,us-west-2,106.15,0.0099,1265.89,44.97,62.44,14.13,0.204,normal
2026-04-06T18:00:00,checkout-api,eu-central-1,100.68,0.012,1126.59,36.93,48.03,20.31,0.1924,normal
2026-04-06T18:00:00,billing-worker,us-east-1,144.02,0.0111,491.56,32.45,65.45,18.21,0.1708,normal
2026-04-06T18:00:00,billing-worker,us-west-2,153.85,0.0046,481.21,22.5,60.05,25.67,0.1395,normal
2026-04-06T18:00:00,billing-worker,eu-central-1,159.83,0.0159,468.48,33.6,54.49,11.91,0.1705,normal
2026-04-06T18:00:00,auth-service,us-east-1,73.82,0.0059,1419.69,41.7,58.87,12.08,0.1813,normal
2026-04-06T18:00:00,auth-service,us-west-2,75.21,0.004,1501.64,39.42,54.96,17.43,0.1808,normal
2026-04-06T18:00:00,auth-service,eu-central-1,67.72,0.0038,1465.48,47.69,51.64,10.8,0.1959,normal
2026-04-06T18:00:00,search-api,us-east-1,109.49,0.008,934.54,35.18,67.9,22.08,0.1827,normal
2026-04-06T18:00:00,search-api,us-west-2,271.43,0.0485,700.56,55.13,65.47,44.86,0.372,index_rebuild_resource_contention
2026-04-06T18:00:00,search-api,eu-central-1,91.27,0.0121,947.44,57.11,49.5,20.79,0.2642,normal
2026-04-06T18:00:00,notification-service,us-east-1,91.4,0.0124,431.76,38.94,55.08,23.35,0.2064,normal
2026-04-06T18:00:00,notification-service,us-west-2,82.38,0.0085,460.52,41.15,59.65,17.05,0.1942,normal
2026-04-06T18:00:00,notification-service,eu-central-1,85.07,0.001,419.75,44.86,53.7,13.25,0.1859,normal
2026-04-06T18:00:00,analytics-pipeline,us-east-1,180.75,0.0179,223.49,34.63,45.93,21.57,0.1975,normal
2026-04-06T18:00:00,analytics-pipeline,us-west-2,179.23,0.0058,227.32,49.59,64.86,20.85,0.2266,normal
2026-04-06T18:00:00,analytics-pipeline,eu-central-1,195.99,0.0129,226.77,48.17,59.06,23.95,0.2408,normal
2026-04-06T19:00:00,checkout-api,us-east-1,107.25,0.0173,805.19,44.81,50.71,35.97,0.2615,normal
2026-04-06T19:00:00,checkout-api,us-west-2,100.82,0.0076,872.89,41.67,69.5,17.6,0.1955,normal
2026-04-06T19:00:00,checkout-api,eu-central-1,107.02,0.0131,956.79,34.57,60.05,7.73,0.1604,normal
2026-04-06T19:00:00,billing-worker,us-east-1,150.5,0.0145,373.71,39.84,66.01,21.41,0.2093,normal
2026-04-06T19:00:00,billing-worker,us-west-2,153.98,0.0072,378.74,39.14,68.55,6.42,0.1631,normal
2026-04-06T19:00:00,billing-worker,eu-central-1,139.22,0.0151,384.69,33.52,59.58,16.31,0.1778,normal
2026-04-06T19:00:00,auth-service,us-east-1,74.29,0.0109,1206.95,30.39,59.34,29.64,0.1867,normal
2026-04-06T19:00:00,auth-service,us-west-2,67.25,0.0086,1066.1,47.18,52.29,15.41,0.2122,normal
2026-04-06T19:00:00,auth-service,eu-central-1,72.6,0.0108,1055.46,31.13,59.26,28.57,0.1868,normal
2026-04-06T19:00:00,search-api,us-east-1,91.3,0.0106,729.47,42.84,57.85,13.71,0.1971,normal
2026-04-06T19:00:00,search-api,us-west-2,260.95,0.0438,575.31,98.76,53.09,39.74,0.5058,index_rebuild_resource_contention
2026-04-06T19:00:00,search-api,eu-central-1,90.28,0.0039,757.93,39.8,59.61,6.97,0.1605,normal
2026-04-06T19:00:00,notification-service,us-east-1,83.33,0.0085,323.08,49.92,61.07,19.04,0.229,normal
2026-04-06T19:00:00,notification-service,us-west-2,86.48,0.0073,316.39,39.81,51.12,16.68,0.1865,normal
2026-04-06T19:00:00,notification-service,eu-central-1,84.24,0.0134,322.1,60.95,54.47,19.03,0.2764,normal
2026-04-06T19:00:00,analytics-pipeline,us-east-1,179.57,0.0066,174.07,28.19,65.49,13.49,0.1381,normal
2026-04-06T19:00:00,analytics-pipeline,us-west-2,179.55,0.0019,180.97,31.99,67.11,9.84,0.1355,normal
2026-04-06T19:00:00,analytics-pipeline,eu-central-1,169.8,0.0116,188.76,26.54,46.62,30.62,0.1764,normal
2026-04-06T20:00:00,checkout-api,us-east-1,108.53,0.0031,849.86,47.45,55.35,29.8,0.2325,normal
2026-04-06T20:00:00,checkout-api,us-west-2,99.2,0.0097,936.93,53.59,59.56,22.56,0.2511,normal
2026-04-06T20:00:00,checkout-api,eu-central-1,102.24,0.0087,842.27,45.04,63.62,10.12,0.1941,normal
2026-04-06T20:00:00,billing-worker,us-east-1,131.97,0.0092,434.63,43.77,58.84,17.65,0.2058,normal
2026-04-06T20:00:00,billing-worker,us-west-2,126.29,0.0062,422.71,25.51,70.02,8.59,0.118,normal
2026-04-06T20:00:00,billing-worker,eu-central-1,167.62,0.0193,422.46,40.9,61.92,13.68,0.2059,normal
2026-04-06T20:00:00,auth-service,us-east-1,72.37,0.0098,923.26,46.39,55.85,9.47,0.1994,normal
2026-04-06T20:00:00,auth-service,us-west-2,73.35,0.0115,1094.02,44.81,48.91,18.72,0.2159,normal
2026-04-06T20:00:00,auth-service,eu-central-1,68.33,0.012,1074.53,46.84,44.58,19.37,0.2252,normal
2026-04-06T20:00:00,search-api,us-east-1,102.95,0.0057,719.68,35.22,61.17,23.94,0.1826,normal
2026-04-06T20:00:00,search-api,us-west-2,103.31,0.0142,775.64,36.25,58.72,22.15,0.1978,normal
2026-04-06T20:00:00,search-api,eu-central-1,96.32,0.0038,808.02,62.06,58.35,0,0.2241,normal
2026-04-06T20:00:00,notification-service,us-east-1,96.84,0.0083,377.91,33.74,61.47,24.22,0.1825,normal
2026-04-06T20:00:00,notification-service,us-west-2,75.57,0.0077,341.19,47.19,60.55,0,0.179,normal
2026-04-06T20:00:00,notification-service,eu-central-1,69.39,0.0104,364.06,29.84,60.57,25.31,0.175,normal
2026-04-06T20:00:00,analytics-pipeline,us-east-1,166.39,0.0027,177.64,38.47,57.3,16.37,0.1731,normal
2026-04-06T20:00:00,analytics-pipeline,us-west-2,178.25,0.0102,168.89,41.71,54.14,11.1,0.1871,normal
2026-04-06T20:00:00,analytics-pipeline,eu-central-1,184.68,0.0057,180.52,41.76,65.18,22.63,0.2027,normal
2026-04-06T21:00:00,checkout-api,us-east-1,88.78,0.0089,909.49,42.84,58.21,26.53,0.2202,normal
2026-04-06T21:00:00,checkout-api,us-west-2,110.36,0.0037,878.59,49.9,58.96,7.86,0.1973,normal
2026-04-06T21:00:00,checkout-api,eu-central-1,111.18,0.0114,936.14,43.34,58.69,24.73,0.2228,normal
2026-04-06T21:00:00,billing-worker,us-east-1,132.65,0.0158,395.85,43.73,63.01,24.22,0.231,normal
2026-04-06T21:00:00,billing-worker,us-west-2,120.39,0.0127,383.5,35.74,63.98,25.41,0.1999,normal
2026-04-06T21:00:00,billing-worker,eu-central-1,149.1,0.0065,388.67,34.42,74.85,12.73,0.1583,normal
2026-04-06T21:00:00,auth-service,us-east-1,79.97,0.0154,1087.48,37.73,42.89,16.04,0.1926,normal
2026-04-06T21:00:00,auth-service,us-west-2,67.32,0.0096,1133.24,42.06,58.18,14.24,0.1936,normal
2026-04-06T21:00:00,auth-service,eu-central-1,75.58,0.0087,1097.54,39.47,54.09,7.72,0.1696,normal
2026-04-06T21:00:00,search-api,us-east-1,94.71,0.0016,740.83,41.7,59.03,27.14,0.2043,normal
2026-04-06T21:00:00,search-api,us-west-2,101.87,0.0072,732.65,51.41,56.87,20.97,0.2358,normal
2026-04-06T21:00:00,search-api,eu-central-1,97.96,0.0049,729.69,38.87,56.17,21.4,0.1886,normal
2026-04-06T21:00:00,notification-service,us-east-1,89.18,0.0054,325.71,40.41,51.54,20.9,0.1939,normal
2026-04-06T21:00:00,notification-service,us-west-2,83.59,0.0062,350.41,41.3,50.13,17.22,0.1909,normal
2026-04-06T21:00:00,notification-service,eu-central-1,83.71,0.0101,377.59,46.32,67.58,16.6,0.2143,normal
2026-04-06T21:00:00,analytics-pipeline,us-east-1,186.32,0.011,173.53,43.91,54.89,23.46,0.2214,normal
2026-04-06T21:00:00,analytics-pipeline,us-west-2,167.33,0.0158,134.06,30.98,57.06,20.86,0.1795,normal
2026-04-06T21:00:00,analytics-pipeline,eu-central-1,181.83,0.0026,179.31,34.96,59.26,14.63,0.1569,normal
2026-04-06T22:00:00,checkout-api,us-east-1,102.72,0.003,801.89,37.55,50.77,19.91,0.1775,normal
2026-04-06T22:00:00,checkout-api,us-west-2,93.65,0.0098,903.38,36.05,51.48,15.21,0.175,normal
2026-04-06T22:00:00,checkout-api,eu-central-1,111.22,0.0145,990.9,42.66,62.06,19.49,0.2153,normal
2026-04-06T22:00:00,billing-worker,us-east-1,144.63,0.0047,377.52,50.82,67.16,13.17,0.2133,normal
2026-04-06T22:00:00,billing-worker,us-west-2,126.88,0.0165,386.81,45.57,56.75,3.66,0.1966,normal
2026-04-06T22:00:00,billing-worker,eu-central-1,148.32,0.0051,379.19,37.0,56.14,36.99,0.2144,normal
2026-04-06T22:00:00,auth-service,us-east-1,83.58,0.0012,1038.19,37.96,53.44,24.13,0.1844,normal
2026-04-06T22:00:00,auth-service,us-west-2,83.91,0.0061,1189.89,40.3,44.63,27.28,0.2078,normal
2026-04-06T22:00:00,auth-service,eu-central-1,84.95,0.0057,1194.25,37.88,57.26,14.32,0.1722,normal
2026-04-06T22:00:00,search-api,us-east-1,93.87,0.0092,689.53,44.15,49.22,24.43,0.221,normal
2026-04-06T22:00:00,search-api,us-west-2,87.95,0.0016,754.22,39.24,54.34,25.21,0.1918,normal
2026-04-06T22:00:00,search-api,eu-central-1,94.65,0.0167,736.05,30.62,54.52,12.65,0.1631,normal
2026-04-06T22:00:00,notification-service,us-east-1,83.01,0.0157,387.14,55.55,60.94,22.31,0.2683,normal
2026-04-06T22:00:00,notification-service,us-west-2,85.99,0.001,359.66,57.74,54.39,17.74,0.2402,normal
2026-04-06T22:00:00,notification-service,eu-central-1,80.27,0.0082,312.98,32.99,66.01,2.52,0.1353,normal
2026-04-06T22:00:00,analytics-pipeline,us-east-1,194.01,0.0044,171.85,26.01,62.27,10.01,0.1195,normal
2026-04-06T22:00:00,analytics-pipeline,us-west-2,214.22,0.0053,177.36,47.22,51.38,11.39,0.1981,normal
2026-04-06T22:00:00,analytics-pipeline,eu-central-1,165.06,0.0112,177.89,50.03,48.26,10.59,0.2169,normal
2026-04-06T23:00:00,checkout-api,us-east-1,103.93,0.0072,890.37,50.9,58.8,11.63,0.2149,normal
2026-04-06T23:00:00,checkout-api,us-west-2,104.55,0.0061,837.53,56.73,62.45,32.47,0.276,normal
2026-04-06T23:00:00,checkout-api,eu-central-1,103.18,0.0087,804.11,43.86,62.78,23.46,0.2172,normal
2026-04-06T23:00:00,billing-worker,us-east-1,131.92,0.0094,408.34,38.25,62.63,13.97,0.1794,normal
2026-04-06T23:00:00,billing-worker,us-west-2,144.81,0.0067,350.28,35.34,59.06,15.69,0.1678,normal
2026-04-06T23:00:00,billing-worker,eu-central-1,144.75,0.0067,407.39,40.56,60.55,14.19,0.183,normal
2026-04-06T23:00:00,auth-service,us-east-1,82.43,0.0086,1180.31,59.47,60.8,5.57,0.235,normal
2026-04-06T23:00:00,auth-service,us-west-2,71.08,0.0103,1054.49,30.26,57.11,5.44,0.1355,normal
2026-04-06T23:00:00,auth-service,eu-central-1,81.18,0.0107,1126.51,51.56,53.36,8.56,0.2172,normal
2026-04-06T23:00:00,search-api,us-east-1,101.51,0.0091,706.85,50.17,57.0,23.1,0.2391,normal
2026-04-06T23:00:00,search-api,us-west-2,96.51,0.0136,741.76,38.23,68.03,15.14,0.1892,normal
2026-04-06T23:00:00,search-api,eu-central-1,107.56,0.0039,719.52,24.22,61.42,28.6,0.1504,normal
2026-04-06T23:00:00,notification-service,us-east-1,82.37,0.0109,326.35,53.39,60.19,20.79,0.249,normal
2026-04-06T23:00:00,notification-service,us-west-2,92.09,0.0029,345.35,43.03,66.63,18.2,0.1932,normal
2026-04-06T23:00:00,notification-service,eu-central-1,88.89,0.0088,310.62,37.98,56.73,7.43,0.1639,normal
2026-04-06T23:00:00,analytics-pipeline,us-east-1,179.25,0.0071,194.6,40.05,58.78,18.72,0.1913,normal
2026-04-06T23:00:00,analytics-pipeline,us-west-2,189.48,0.0026,155.66,54.55,52.34,10.92,0.2179,normal
2026-04-06T23:00:00,analytics-pipeline,eu-central-1,196.04,0.0102,165.94,47.89,50.36,30.87,0.2491,normal
2026-04-07T00:00:00,checkout-api,us-east-1,102.42,0.0103,873.15,57.22,51.53,17.2,0.254,normal
2026-04-07T00:00:00,checkout-api,us-west-2,122.19,0.001,846.96,44.18,56.52,21.51,0.2004,normal
2026-04-07T00:00:00,checkout-api,eu-central-1,114.28,0.0045,838.16,52.43,71.03,0,0.1916,normal
2026-04-07T00:00:00,billing-worker,us-east-1,150.94,0.0129,369.97,35.09,50.39,16.4,0.1797,normal
2026-04-07T00:00:00,billing-worker,us-west-2,132.24,0.0118,369.69,46.1,47.46,25.02,0.2338,normal
2026-04-07T00:00:00,billing-worker,eu-central-1,152.4,0.0127,392.85,60.22,64.47,18.38,0.2713,normal
2026-04-07T00:00:00,auth-service,us-east-1,84.21,0.0076,1160.92,54.99,54.89,17.96,0.2428,normal
2026-04-07T00:00:00,auth-service,us-west-2,76.43,0.0097,1133.07,50.02,72.44,14.94,0.2231,normal
2026-04-07T00:00:00,auth-service,eu-central-1,66.54,0.0072,1050.4,31.93,51.04,26.41,0.1786,normal
2026-04-07T00:00:00,search-api,us-east-1,96.11,0.0118,712.59,50.09,55.27,28.34,0.2546,normal
2026-04-07T00:00:00,search-api,us-west-2,101.41,0.0099,651.76,33.28,59.74,9.74,0.1542,normal
2026-04-07T00:00:00,search-api,eu-central-1,93.76,0.0084,779.26,36.59,58.88,14.34,0.1725,normal
2026-04-07T00:00:00,notification-service,us-east-1,80.09,0.0107,351.23,30.7,68.04,35.69,0.1998,normal
2026-04-07T00:00:00,notification-service,us-west-2,86.01,0.0111,309.67,38.8,60.07,17.3,0.1911,normal
2026-04-07T00:00:00,notification-service,eu-central-1,93.98,0.0055,326.1,46.18,57.52,16.06,0.2044,normal
2026-04-07T00:00:00,analytics-pipeline,us-east-1,178.42,0.0106,153.83,62.57,63.01,9.66,0.2578,normal
2026-04-07T00:00:00,analytics-pipeline,us-west-2,167.55,0.0045,179.56,27.3,74.43,13.66,0.1316,normal
2026-04-07T00:00:00,analytics-pipeline,eu-central-1,160.65,0.0172,174.76,45.93,56.74,15.98,0.2243,normal
2026-04-07T01:00:00,checkout-api,us-east-1,121.55,0.0012,888.12,36.15,55.71,17.52,0.1645,normal
2026-04-07T01:00:00,checkout-api,us-west-2,90.24,0.0115,885.1,46.42,54.01,23.89,0.232,normal
2026-04-07T01:00:00,checkout-api,eu-central-1,101.28,0.0121,947.72,46.95,48.38,18.59,0.224,normal
2026-04-07T01:00:00,billing-worker,us-east-1,133.56,0.0167,391.27,31.94,47.82,28.47,0.2001,normal
2026-04-07T01:00:00,billing-worker,us-west-2,133.91,0.0106,378.55,40.87,55.08,18.08,0.1992,normal
2026-04-07T01:00:00,billing-worker,eu-central-1,162.92,0.0056,398.93,45.82,53.54,9.38,0.1895,normal
2026-04-07T01:00:00,auth-service,us-east-1,69.91,0.0113,1161.81,50.12,60.47,18.94,0.2345,normal
2026-04-07T01:00:00,auth-service,us-west-2,75.12,0.0099,1153.59,47.31,52.26,26.48,0.2376,normal
2026-04-07T01:00:00,auth-service,eu-central-1,84.36,0.0087,1190.97,32.74,58.72,6.73,0.1439,normal
2026-04-07T01:00:00,search-api,us-east-1,102.25,0.0092,766.12,50.91,53.1,24.44,0.2448,normal
2026-04-07T01:00:00,search-api,us-west-2,106.28,0.0177,713.17,46.32,53.77,23.05,0.2412,normal
2026-04-07T01:00:00,search-api,eu-central-1,99.4,0.0147,711.14,42.51,61.38,16.71,0.2095,normal
2026-04-07T01:00:00,notification-service,us-east-1,98.5,0.001,295.93,38.07,62.69,18.19,0.1722,normal
2026-04-07T01:00:00,notification-service,us-west-2,87.78,0.0031,343.63,46.31,69.01,24.51,0.2177,normal
2026-04-07T01:00:00,notification-service,eu-central-1,81.03,0.0061,307.91,38.21,57.37,27.89,0.2018,normal
2026-04-07T01:00:00,analytics-pipeline,us-east-1,202.9,0.0093,181.39,40.74,49.37,22.22,0.2048,normal
2026-04-07T01:00:00,analytics-pipeline,us-west-2,170.05,0.0027,165.72,53.74,50.28,28.73,0.2517,normal
2026-04-07T01:00:00,analytics-pipeline,eu-central-1,161.22,0.0088,180.4,38.91,51.54,18.07,0.1889,normal
2026-04-07T02:00:00,checkout-api,us-east-1,118.53,0.0116,885.3,46.54,66.0,28.46,0.242,normal
2026-04-07T02:00:00,checkout-api,us-west-2,102.89,0.0056,820.6,42.54,56.04,18.1,0.196,normal
2026-04-07T02:00:00,checkout-api,eu-central-1,100.08,0.0188,836.28,53.24,52.28,11.88,0.2445,normal
2026-04-07T02:00:00,billing-worker,us-east-1,132.03,0.0048,347.03,35.58,56.43,23.49,0.1811,normal
2026-04-07T02:00:00,billing-worker,us-west-2,125.21,0.0108,383.76,42.01,43.52,21.83,0.211,normal
2026-04-07T02:00:00,billing-worker,eu-central-1,152.52,0.0135,379.53,51.76,58.52,10.88,0.2277,normal
2026-04-07T02:00:00,auth-service,us-east-1,78.06,0.0129,1167.32,41.81,56.37,23.3,0.2171,normal
2026-04-07T02:00:00,auth-service,us-west-2,64.61,0.0102,1057.53,37.99,59.42,27.73,0.208,normal
2026-04-07T02:00:00,auth-service,eu-central-1,74.96,0.0054,1346.93,44.57,39.83,17.3,0.2011,normal
2026-04-07T02:00:00,search-api,us-east-1,89.67,0.0067,765.34,58.73,58.72,7.56,0.233,normal
2026-04-07T02:00:00,search-api,us-west-2,101.4,0.0094,699.43,43.65,50.23,19.57,0.2097,normal
2026-04-07T02:00:00,search-api,eu-central-1,97.65,0.0137,808.41,37.14,60.59,11.87,0.1789,normal
2026-04-07T02:00:00,notification-service,us-east-1,85.84,0.0135,344.81,39.75,70.19,25.03,0.2147,normal
2026-04-07T02:00:00,notification-service,us-west-2,93.11,0.0093,359.23,40.91,63.94,18.38,0.1976,normal
2026-04-07T02:00:00,notification-service,eu-central-1,85.01,0.003,351.85,46.57,53.83,18.57,0.2063,normal
2026-04-07T02:00:00,analytics-pipeline,us-east-1,188.49,0.0115,152.04,53.7,51.1,32.95,0.2761,normal
2026-04-07T02:00:00,analytics-pipeline,us-west-2,196.03,0.0096,177.15,44.28,55.28,29.93,0.2334,normal
2026-04-07T02:00:00,analytics-pipeline,eu-central-1,170.71,0.0069,172.31,29.64,65.09,8.81,0.1343,normal
2026-04-07T03:00:00,checkout-api,us-east-1,117.39,0.0127,986.12,37.41,56.0,14.54,0.1836,normal
2026-04-07T03:00:00,checkout-api,us-west-2,111.54,0.0055,856.52,23.92,58.35,19.7,0.134,normal
2026-04-07T03:00:00,checkout-api,eu-central-1,121.3,0.0057,928.15,46.54,64.06,9.4,0.1924,normal
2026-04-07T03:00:00,billing-worker,us-east-1,105.76,0.0071,410.3,43.4,67.92,35.04,0.2364,normal
2026-04-07T03:00:00,billing-worker,us-west-2,137.2,0.0074,424.21,28.96,40.92,20.21,0.1561,normal
2026-04-07T03:00:00,billing-worker,eu-central-1,148.83,0.015,404.63,41.76,54.17,3.62,0.1805,normal
2026-04-07T03:00:00,auth-service,us-east-1,78.12,0.0066,1122.49,44.61,44.08,17.4,0.2037,normal
2026-04-07T03:00:00,auth-service,us-west-2,71.4,0.0169,1141.91,50.97,51.27,5.56,0.2202,normal
2026-04-07T03:00:00,auth-service,eu-central-1,80.26,0.0077,1051.92,50.53,61.54,4.47,0.1998,normal
2026-04-07T03:00:00,search-api,us-east-1,93.34,0.0169,723.15,31.32,52.3,29.07,0.1996,normal
2026-04-07T03:00:00,search-api,us-west-2,106.31,0.0118,648.59,48.65,52.39,14.05,0.2202,normal
2026-04-07T03:00:00,search-api,eu-central-1,91.34,0.0133,741.51,46.66,55.01,13.98,0.2159,normal
2026-04-07T03:00:00,notification-service,us-east-1,92.28,0.0066,325.41,46.5,56.84,25.93,0.2277,normal
2026-04-07T03:00:00,notification-service,us-west-2,88.83,0.0116,380.7,37.74,72.54,7.82,0.1689,normal
2026-04-07T03:00:00,notification-service,eu-central-1,79.79,0.001,317.07,35.67,62.97,28.15,0.1842,normal
2026-04-07T03:00:00,analytics-pipeline,us-east-1,213.15,0.0069,186.95,40.57,45.28,0,0.1544,normal
2026-04-07T03:00:00,analytics-pipeline,us-west-2,175.07,0.0013,184.72,34.56,62.59,12.68,0.1491,normal
2026-04-07T03:00:00,analytics-pipeline,eu-central-1,187.02,0.0052,179.43,56.64,60.66,7.04,0.222,normal
2026-04-07T04:00:00,checkout-api,us-east-1,98.56,0.0096,920.23,32.1,51.74,5.0,0.1398,normal
2026-04-07T04:00:00,checkout-api,us-west-2,119.74,0.0102,892.94,38.52,71.39,22.69,0.1996,normal
2026-04-07T04:00:00,checkout-api,eu-central-1,104.24,0.0139,907.79,39.77,55.54,18.1,0.2013,normal
2026-04-07T04:00:00,billing-worker,us-east-1,161.04,0.0033,345.16,47.51,65.41,29.78,0.2331,normal
2026-04-07T04:00:00,billing-worker,us-west-2,151.75,0.003,407.14,43.4,51.06,5.12,0.1677,normal
2026-04-07T04:00:00,billing-worker,eu-central-1,127.34,0.0093,354.37,44.91,56.99,23.23,0.2214,normal
2026-04-07T04:00:00,auth-service,us-east-1,80.24,0.0053,1122.83,48.03,53.6,26.26,0.2314,normal
2026-04-07T04:00:00,auth-service,us-west-2,78.6,0.0127,1106.23,48.39,56.59,19.81,0.2327,normal
2026-04-07T04:00:00,auth-service,eu-central-1,78.82,0.0067,1147.34,22.73,53.26,23.05,0.1389,normal
2026-04-07T04:00:00,search-api,us-east-1,86.9,0.001,651.58,39.61,62.71,22.35,0.1862,normal
2026-04-07T04:00:00,search-api,us-west-2,84.4,0.0106,661.26,50.87,60.78,12.86,0.2235,normal
2026-04-07T04:00:00,search-api,eu-central-1,91.54,0.0087,691.23,51.49,60.17,13.39,0.2233,normal
2026-04-07T04:00:00,notification-service,us-east-1,88.11,0.0034,334.73,39.35,54.11,17.53,0.1797,normal
2026-04-07T04:00:00,notification-service,us-west-2,86.58,0.0031,339.18,66.06,63.54,13.18,0.2637,normal
2026-04-07T04:00:00,notification-service,eu-central-1,87.45,0.0157,308.45,55.49,55.61,33.44,0.2909,normal
2026-04-07T04:00:00,analytics-pipeline,us-east-1,168.41,0.0133,168.51,52.22,64.19,20.75,0.2491,normal
2026-04-07T04:00:00,analytics-pipeline,us-west-2,168.35,0.0133,179.07,33.16,61.88,16.62,0.1739,normal
2026-04-07T04:00:00,analytics-pipeline,eu-central-1,178.46,0.005,177.22,49.02,52.3,24.57,0.2308,normal
2026-04-07T05:00:00,checkout-api,us-east-1,90.14,0.0094,889.21,34.2,59.12,7.29,0.1516,normal
2026-04-07T05:00:00,checkout-api,us-west-2,120.39,0.0106,934.9,34.4,42.69,17.3,0.1749,normal
2026-04-07T05:00:00,checkout-api,eu-central-1,116.01,0.0083,938.65,45.26,60.3,26.58,0.2278,normal
2026-04-07T05:00:00,billing-worker,us-east-1,138.43,0.0073,413.42,45.72,54.39,9.16,0.1919,normal
2026-04-07T05:00:00,billing-worker,us-west-2,161.77,0.001,408.87,40.78,49.27,21.31,0.1881,normal
2026-04-07T05:00:00,billing-worker,eu-central-1,150.42,0.0183,393.72,21.47,51.76,24.2,0.1576,normal
2026-04-07T05:00:00,auth-service,us-east-1,72.23,0.0088,1144.53,53.68,60.26,16.71,0.2378,normal
2026-04-07T05:00:00,auth-service,us-west-2,71.34,0.0131,1100.52,45.37,60.85,24.09,0.2316,normal
2026-04-07T05:00:00,auth-service,eu-central-1,79.56,0.0101,1292.29,48.39,52.99,10.58,0.2093,normal
2026-04-07T05:00:00,search-api,us-east-1,89.98,0.0144,668.78,54.78,60.9,13.18,0.2446,normal
2026-04-07T05:00:00,search-api,us-west-2,87.82,0.0086,751.71,41.38,62.83,19.37,0.1999,normal
2026-04-07T05:00:00,search-api,eu-central-1,104.87,0.007,712.03,32.77,55.93,9.87,0.1475,normal
2026-04-07T05:00:00,notification-service,us-east-1,75.26,0.0081,345.28,23.68,49.57,6.58,0.1109,normal
2026-04-07T05:00:00,notification-service,us-west-2,87.42,0.0113,337.95,40.47,52.95,19.51,0.2019,normal
2026-04-07T05:00:00,notification-service,eu-central-1,79.45,0.008,339.52,39.91,65.99,0.23,0.1547,normal
2026-04-07T05:00:00,analytics-pipeline,us-east-1,158.41,0.0131,168.76,38.16,54.39,17.48,0.1928,normal
2026-04-07T05:00:00,analytics-pipeline,us-west-2,177.95,0.0105,184.84,57.08,44.01,17.08,0.2536,normal
2026-04-07T05:00:00,analytics-pipeline,eu-central-1,168.04,0.0099,164.03,42.53,59.86,17.66,0.2027,normal
2026-04-07T06:00:00,checkout-api,us-east-1,106.89,0.0117,817.54,41.59,64.96,25.57,0.2189,normal
2026-04-07T06:00:00,checkout-api,us-west-2,112.8,0.0056,838.67,49.99,58.05,20.37,0.2267,normal
2026-04-07T06:00:00,checkout-api,eu-central-1,102.26,0.0127,883.6,33.9,60.47,15.14,0.1725,normal
2026-04-07T06:00:00,billing-worker,us-east-1,142.19,0.0113,390.0,37.31,50.34,14.35,0.1803,normal
2026-04-07T06:00:00,billing-worker,us-west-2,143.59,0.0041,371.81,60.91,53.83,18.49,0.2585,normal
2026-04-07T06:00:00,billing-worker,eu-central-1,131.61,0.0077,392.39,43.3,46.88,18.28,0.2028,normal
2026-04-07T06:00:00,auth-service,us-east-1,69.51,0.0134,1143.18,54.86,60.41,8.51,0.2336,normal
2026-04-07T06:00:00,auth-service,us-west-2,80.38,0.007,1142.55,42.77,49.49,27.51,0.2186,normal
2026-04-07T06:00:00,auth-service,eu-central-1,75.88,0.0048,1053.64,45.73,66.01,21.27,0.2122,normal
2026-04-07T06:00:00,search-api,us-east-1,97.26,0.0073,765.97,46.41,52.76,13.01,0.2022,normal
2026-04-07T06:00:00,search-api,us-west-2,79.61,0.0137,849.38,41.03,60.9,24.2,0.2177,normal
2026-04-07T06:00:00,search-api,eu-central-1,93.48,0.0177,673.22,35.18,68.65,25.42,0.207,normal
2026-04-07T06:00:00,notification-service,us-east-1,89.85,0.0086,330.36,43.18,60.83,13.11,0.1934,normal
2026-04-07T06:00:00,notification-service,us-west-2,91.66,0.0161,320.55,34.28,58.84,37.98,0.2266,normal
2026-04-07T06:00:00,notification-service,eu-central-1,78.88,0.0145,317.57,35.89,65.16,16.63,0.1857,normal
2026-04-07T06:00:00,analytics-pipeline,us-east-1,179.47,0.0119,186.98,43.93,68.26,12.55,0.2008,normal
2026-04-07T06:00:00,analytics-pipeline,us-west-2,173.0,0.0118,181.82,27.98,55.97,23.61,0.1674,normal
2026-04-07T06:00:00,analytics-pipeline,eu-central-1,177.92,0.0163,157.89,43.67,52.46,5.13,0.1927,normal
2026-04-07T07:00:00,checkout-api,us-east-1,103.18,0.0088,851.82,36.93,63.66,9.61,0.1647,normal
2026-04-07T07:00:00,checkout-api,us-west-2,100.12,0.0034,936.56,30.16,69.37,10.61,0.1333,normal
2026-04-07T07:00:00,checkout-api,eu-central-1,104.65,0.0156,817.09,52.73,49.44,14.32,0.242,normal
2026-04-07T07:00:00,billing-worker,us-east-1,151.13,0.0104,394.35,44.62,68.36,5.04,0.1852,normal
2026-04-07T07:00:00,billing-worker,us-west-2,137.49,0.0126,351.65,36.48,74.12,28.95,0.2095,normal
2026-04-07T07:00:00,billing-worker,eu-central-1,150.6,0.0094,382.55,34.96,52.25,10.15,0.16,normal
2026-04-07T07:00:00,auth-service,us-east-1,67.81,0.0096,1180.12,34.51,58.9,7.38,0.1531,normal
2026-04-07T07:00:00,auth-service,us-west-2,77.13,0.0077,1145.3,43.68,66.62,19.81,0.2073,normal
2026-04-07T07:00:00,auth-service,eu-central-1,71.33,0.0097,1178.1,46.43,64.95,11.5,0.2035,normal
2026-04-07T07:00:00,search-api,us-east-1,86.46,0.0116,667.83,45.78,75.99,28.21,0.2388,normal
2026-04-07T07:00:00,search-api,us-west-2,84.5,0.0057,734.98,39.84,62.63,20.1,0.1909,normal
2026-04-07T07:00:00,search-api,eu-central-1,97.4,0.0113,648.63,51.38,48.65,10.99,0.2227,normal
2026-04-07T07:00:00,notification-service,us-east-1,69.52,0.0091,339.47,39.1,50.1,0.52,0.1542,normal
2026-04-07T07:00:00,notification-service,us-west-2,88.61,0.0044,323.76,44.1,57.58,21.46,0.2062,normal
2026-04-07T07:00:00,notification-service,eu-central-1,95.68,0.0119,310.55,41.81,56.5,11.2,0.1907,normal
2026-04-07T07:00:00,analytics-pipeline,us-east-1,188.96,0.0075,177.37,47.35,71.93,13.24,0.2063,normal
2026-04-07T07:00:00,analytics-pipeline,us-west-2,189.9,0.0178,192.05,44.6,53.14,19.47,0.2279,normal
2026-04-07T07:00:00,analytics-pipeline,eu-central-1,171.54,0.0074,156.2,39.84,44.72,26.17,0.2063,normal
2026-04-07T08:00:00,checkout-api,us-east-1,109.2,0.0074,1161.1,43.15,56.34,20.53,0.2064,normal
2026-04-07T08:00:00,checkout-api,us-west-2,103.62,0.0109,1115.32,42.74,69.19,11.63,0.193,normal
2026-04-07T08:00:00,checkout-api,eu-central-1,98.61,0.0129,1176.48,43.45,59.26,14.89,0.2058,normal
2026-04-07T08:00:00,billing-worker,us-east-1,139.24,0.0112,516.75,47.42,61.03,36.3,0.2603,normal
2026-04-07T08:00:00,billing-worker,us-west-2,146.03,0.0148,516.2,60.46,64.58,12.1,0.263,normal
2026-04-07T08:00:00,billing-worker,eu-central-1,162.55,0.0068,536.82,36.12,60.44,19.51,0.1786,normal
2026-04-07T08:00:00,auth-service,us-east-1,83.19,0.001,1388.26,50.21,63.06,14.14,0.2064,normal
2026-04-07T08:00:00,auth-service,us-west-2,75.6,0.0021,1498.35,36.94,63.96,20.31,0.1746,normal
2026-04-07T08:00:00,auth-service,eu-central-1,74.14,0.0138,1479.14,48.45,56.51,22.0,0.2395,normal
2026-04-07T08:00:00,search-api,us-east-1,92.92,0.0148,932.5,58.63,63.36,11.58,0.2556,normal
2026-04-07T08:00:00,search-api,us-west-2,91.84,0.0146,1017.6,32.52,59.17,23.37,0.1879,normal
2026-04-07T08:00:00,search-api,eu-central-1,112.32,0.0119,943.06,49.86,58.6,11.4,0.2192,normal
2026-04-07T08:00:00,notification-service,us-east-1,84.78,0.0083,434.98,43.04,60.45,12.06,0.1902,normal
2026-04-07T08:00:00,notification-service,us-west-2,89.45,0.0028,453.18,46.34,60.9,6.31,0.1802,normal
2026-04-07T08:00:00,notification-service,eu-central-1,81.82,0.01,449.01,48.45,47.83,18.58,0.2256,normal
2026-04-07T08:00:00,analytics-pipeline,us-east-1,195.02,0.0045,218.67,38.64,56.27,16.3,0.1767,normal
2026-04-07T08:00:00,analytics-pipeline,us-west-2,197.37,0.0104,211.1,48.8,58.71,25.35,0.2413,normal
2026-04-07T08:00:00,analytics-pipeline,eu-central-1,179.76,0.0148,233.49,38.52,50.04,25.96,0.2146,normal
2026-04-07T09:00:00,checkout-api,us-east-1,103.98,0.0022,1205.56,52.98,44.08,23.07,0.2365,normal
2026-04-07T09:00:00,checkout-api,us-west-2,110.35,0.0162,1226.33,36.47,61.13,24.46,0.2069,normal
2026-04-07T09:00:00,checkout-api,eu-central-1,93.24,0.0151,1186.63,49.31,52.14,25.22,0.2513,normal
2026-04-07T09:00:00,billing-worker,us-east-1,144.61,0.008,513.5,45.29,47.9,18.53,0.2109,normal
2026-04-07T09:00:00,billing-worker,us-west-2,149.17,0.0027,553.64,63.29,62.58,18.53,0.2643,normal
2026-04-07T09:00:00,billing-worker,eu-central-1,133.59,0.0048,483.0,49.69,52.21,20.08,0.2236,normal
2026-04-07T09:00:00,auth-service,us-east-1,72.53,0.0129,1617.22,49.97,62.51,27.19,0.2537,normal
2026-04-07T09:00:00,auth-service,us-west-2,84.87,0.0058,1544.81,37.33,58.38,16.8,0.1754,normal
2026-04-07T09:00:00,auth-service,eu-central-1,75.72,0.0122,1432.22,21.59,59.9,27.15,0.153,normal
2026-04-07T09:00:00,search-api,us-east-1,92.19,0.0152,1053.24,43.16,56.64,22.76,0.2251,normal
2026-04-07T09:00:00,search-api,us-west-2,100.64,0.0033,974.42,26.04,50.89,20.43,0.1388,normal
2026-04-07T09:00:00,search-api,eu-central-1,97.34,0.0045,954.09,53.03,47.03,23.16,0.2411,normal
2026-04-07T09:00:00,notification-service,us-east-1,93.35,0.0039,464.07,46.25,55.97,18.81,0.2073,normal
2026-04-07T09:00:00,notification-service,us-west-2,84.81,0.0095,435.13,36.66,64.15,32.41,0.2116,normal
2026-04-07T09:00:00,notification-service,eu-central-1,83.79,0.015,423.38,32.29,62.33,20.6,0.1822,normal
2026-04-07T09:00:00,analytics-pipeline,us-east-1,186.37,0.0054,227.56,50.88,68.76,20.73,0.2303,normal
2026-04-07T09:00:00,analytics-pipeline,us-west-2,185.4,0.001,224.78,53.21,70.84,11.97,0.2125,normal
2026-04-07T09:00:00,analytics-pipeline,eu-central-1,145.11,0.0114,217.63,39.26,54.0,15.65,0.1899,normal
2026-04-07T10:00:00,checkout-api,us-east-1,97.27,0.012,1175.74,32.01,47.43,35.53,0.2063,normal
2026-04-07T10:00:00,checkout-api,us-west-2,109.62,0.0102,1066.67,60.16,51.07,19.67,0.2691,normal
2026-04-07T10:00:00,checkout-api,eu-central-1,107.7,0.0064,1166.03,38.98,44.21,7.46,0.1632,normal
2026-04-07T10:00:00,billing-worker,us-east-1,138.11,0.0072,522.91,56.08,56.4,36.36,0.2836,normal
2026-04-07T10:00:00,billing-worker,us-west-2,140.19,0.0098,506.98,29.01,57.52,17.0,0.1539,normal
2026-04-07T10:00:00,billing-worker,eu-central-1,135.75,0.0124,522.05,40.18,52.09,21.12,0.2061,normal
2026-04-07T10:00:00,auth-service,us-east-1,70.36,0.0059,1488.94,50.36,56.06,17.38,0.2224,normal
2026-04-07T10:00:00,auth-service,us-west-2,73.05,0.0118,1512.96,49.41,56.92,25.55,0.2464,normal
2026-04-07T10:00:00,auth-service,eu-central-1,73.24,0.0063,1553.92,41.06,54.89,30.38,0.2172,normal
2026-04-07T10:00:00,search-api,us-east-1,91.32,0.0062,936.01,54.39,48.97,28.15,0.2591,normal
2026-04-07T10:00:00,search-api,us-west-2,98.65,0.0077,935.87,36.83,44.37,11.19,0.1657,normal
2026-04-07T10:00:00,search-api,eu-central-1,84.72,0.0029,931.14,47.53,51.61,16.04,0.2043,normal
2026-04-07T10:00:00,notification-service,us-east-1,79.86,0.0085,446.91,52.58,61.85,21.76,0.2439,normal
2026-04-07T10:00:00,notification-service,us-west-2,93.77,0.0123,448.66,47.35,63.29,10.39,0.2091,normal
2026-04-07T10:00:00,notification-service,eu-central-1,79.07,0.0097,402.0,40.55,55.56,21.35,0.2031,normal
2026-04-07T10:00:00,analytics-pipeline,us-east-1,189.05,0.0147,205.74,44.51,60.03,30.44,0.2445,normal
2026-04-07T10:00:00,analytics-pipeline,us-west-2,170.98,0.0111,229.76,35.12,59.38,26.59,0.1972,normal
2026-04-07T10:00:00,analytics-pipeline,eu-central-1,174.61,0.0098,243.25,41.24,55.62,21.17,0.2052,normal
2026-04-07T11:00:00,checkout-api,us-east-1,108.21,0.011,1223.78,46.37,49.73,5.6,0.1936,normal
2026-04-07T11:00:00,checkout-api,us-west-2,103.89,0.0162,1158.7,39.24,59.53,23.08,0.2137,normal
2026-04-07T11:00:00,checkout-api,eu-central-1,114.58,0.0042,1198.17,44.3,63.17,27.57,0.219,normal
2026-04-07T11:00:00,billing-worker,us-east-1,119.89,0.0131,523.18,36.4,56.84,27.35,0.207,normal
2026-04-07T11:00:00,billing-worker,us-west-2,127.87,0.013,530.32,57.02,52.06,13.76,0.2511,normal
2026-04-07T11:00:00,billing-worker,eu-central-1,155.51,0.0082,520.97,21.6,73.6,3.67,0.0979,normal
2026-04-07T11:00:00,auth-service,us-east-1,65.31,0.0114,1556.83,36.19,42.94,23.23,0.1948,normal
2026-04-07T11:00:00,auth-service,us-west-2,76.01,0.0057,1530.59,38.07,50.83,24.48,0.1935,normal
2026-04-07T11:00:00,auth-service,eu-central-1,74.7,0.0095,1432.6,37.02,55.78,13.89,0.1752,normal
2026-04-07T11:00:00,search-api,us-east-1,97.08,0.0095,939.16,41.4,60.34,27.01,0.2173,normal
2026-04-07T11:00:00,search-api,us-west-2,86.78,0.0133,989.16,49.19,53.92,20.48,0.238,normal
2026-04-07T11:00:00,search-api,eu-central-1,109.83,0.004,986.31,40.65,68.69,19.89,0.1901,normal
2026-04-07T11:00:00,notification-service,us-east-1,90.12,0.0068,427.78,55.86,49.14,14.5,0.2375,normal
2026-04-07T11:00:00,notification-service,us-west-2,82.99,0.0043,450.9,32.76,57.92,16.82,0.1568,normal
2026-04-07T11:00:00,notification-service,eu-central-1,70.37,0.01,406.17,42.99,42.07,14.4,0.1979,normal
2026-04-07T11:00:00,analytics-pipeline,us-east-1,190.41,0.0105,243.35,56.0,62.51,17.19,0.2501,normal
2026-04-07T11:00:00,analytics-pipeline,us-west-2,177.57,0.0119,217.67,34.26,57.54,32.98,0.2089,normal
2026-04-07T11:00:00,analytics-pipeline,eu-central-1,163.88,0.0104,223.48,48.62,59.94,18.47,0.2267,normal
2026-04-07T12:00:00,checkout-api,us-east-1,111.79,0.0083,1065.33,59.91,56.86,21.28,0.2682,normal
2026-04-07T12:00:00,checkout-api,us-west-2,110.8,0.0061,1130.41,36.59,61.44,22.02,0.184,normal
2026-04-07T12:00:00,checkout-api,eu-central-1,106.1,0.004,1111.13,30.94,48.5,12.7,0.1415,normal
2026-04-07T12:00:00,billing-worker,us-east-1,147.57,0.0114,467.78,47.9,59.99,31.71,0.253,normal
2026-04-07T12:00:00,billing-worker,us-west-2,153.8,0.0032,522.68,44.65,59.77,12.75,0.1881,normal
2026-04-07T12:00:00,billing-worker,eu-central-1,160.2,0.0098,497.0,27.93,55.9,7.49,0.1306,normal
2026-04-07T12:00:00,auth-service,us-east-1,66.23,0.016,1515.95,50.73,65.01,24.75,0.257,normal
2026-04-07T12:00:00,auth-service,us-west-2,72.21,0.0046,1508.97,43.72,56.63,16.23,0.1944,normal
2026-04-07T12:00:00,auth-service,eu-central-1,75.47,0.0035,1596.46,33.04,58.4,11.51,0.1454,normal
2026-04-07T12:00:00,search-api,us-east-1,104.4,0.0071,907.62,39.65,63.48,8.58,0.169,normal
2026-04-07T12:00:00,search-api,us-west-2,85.12,0.0072,982.8,18.57,63.79,37.28,0.1541,normal
2026-04-07T12:00:00,search-api,eu-central-1,93.29,0.0132,943.19,27.43,54.73,23.75,0.1683,normal
2026-04-07T12:00:00,notification-service,us-east-1,77.37,0.0081,424.29,45.9,74.19,19.35,0.2149,normal
2026-04-07T12:00:00,notification-service,us-west-2,76.17,0.0162,431.91,39.24,60.95,24.98,0.2176,normal
2026-04-07T12:00:00,notification-service,eu-central-1,86.05,0.0108,441.68,32.74,62.85,25.88,0.1869,normal
2026-04-07T12:00:00,analytics-pipeline,us-east-1,168.38,0.0021,224.58,44.18,67.08,20.51,0.2004,normal
2026-04-07T12:00:00,analytics-pipeline,us-west-2,134.2,0.0068,231.86,44.66,47.4,15.7,0.2006,normal
2026-04-07T12:00:00,analytics-pipeline,eu-central-1,181.12,0.0122,240.09,56.3,53.0,15.1,0.2499,normal
2026-04-07T13:00:00,checkout-api,us-east-1,100.91,0.0114,1265.41,44.18,58.7,11.08,0.1978,normal
2026-04-07T13:00:00,checkout-api,us-west-2,94.2,0.0167,1151.22,54.4,63.15,14.57,0.2502,normal
2026-04-07T13:00:00,checkout-api,eu-central-1,106.55,0.0056,1190.57,41.42,62.92,29.0,0.2143,normal
2026-04-07T13:00:00,billing-worker,us-east-1,137.81,0.0127,521.64,38.31,59.49,28.95,0.2161,normal
2026-04-07T13:00:00,billing-worker,us-west-2,146.21,0.0134,519.48,53.14,56.75,15.92,0.2426,normal
2026-04-07T13:00:00,billing-worker,eu-central-1,151.48,0.001,498.58,55.36,52.63,34.0,0.2651,normal
2026-04-07T13:00:00,auth-service,us-east-1,84.03,0.0073,1466.62,45.93,63.78,33.16,0.2417,normal
2026-04-07T13:00:00,auth-service,us-west-2,83.56,0.0064,1583.88,38.44,64.95,22.52,0.1921,normal
2026-04-07T13:00:00,auth-service,eu-central-1,83.07,0.009,1581.46,32.1,51.12,22.87,0.1753,normal
2026-04-07T13:00:00,search-api,us-east-1,95.41,0.013,1053.69,37.48,49.67,9.85,0.1747,normal
2026-04-07T13:00:00,search-api,us-west-2,90.11,0.0141,966.8,40.16,62.26,17.24,0.2013,normal
2026-04-07T13:00:00,search-api,eu-central-1,96.57,0.0092,888.23,49.39,58.92,37.13,0.2654,normal
2026-04-07T13:00:00,notification-service,us-east-1,85.38,0.0068,442.05,36.57,57.47,15.51,0.172,normal
2026-04-07T13:00:00,notification-service,us-west-2,86.94,0.0055,436.09,39.18,51.08,18.01,0.1838,normal
2026-04-07T13:00:00,notification-service,eu-central-1,89.32,0.0123,444.94,41.62,64.21,16.25,0.2011,normal
2026-04-07T13:00:00,analytics-pipeline,us-east-1,188.89,0.0021,218.08,36.5,65.46,16.37,0.165,normal
2026-04-07T13:00:00,analytics-pipeline,us-west-2,185.91,0.0047,214.68,65.91,68.99,33.22,0.3071,normal
2026-04-07T13:00:00,analytics-pipeline,eu-central-1,179.65,0.0065,234.28,40.53,54.58,0,0.1536,normal
2026-04-07T14:00:00,checkout-api,us-east-1,106.55,0.001,1128.85,29.77,71.4,7.84,0.1221,normal
2026-04-07T14:00:00,checkout-api,us-west-2,101.49,0.0108,1139.59,44.58,64.12,13.22,0.2026,normal
2026-04-07T14:00:00,checkout-api,eu-central-1,109.0,0.0087,1084.27,44.91,50.46,27.17,0.2284,normal
2026-04-07T14:00:00,billing-worker,us-east-1,144.74,0.01,536.26,35.57,52.36,30.49,0.2048,normal
2026-04-07T14:00:00,billing-worker,us-west-2,152.87,0.0111,462.72,42.68,51.32,13.43,0.1967,normal
2026-04-07T14:00:00,billing-worker,eu-central-1,126.14,0.0024,500.98,45.65,54.35,16.97,0.1988,normal
2026-04-07T14:00:00,auth-service,us-east-1,75.31,0.0149,1480.41,43.55,76.75,18.22,0.2164,normal
2026-04-07T14:00:00,auth-service,us-west-2,79.69,0.0043,1445.22,38.71,78.98,13.21,0.1701,normal
2026-04-07T14:00:00,auth-service,eu-central-1,83.2,0.0071,1430.89,26.73,58.96,27.27,0.1622,normal
2026-04-07T14:00:00,search-api,us-east-1,88.88,0.0075,899.34,36.33,64.92,13.89,0.1691,normal
2026-04-07T14:00:00,search-api,us-west-2,86.98,0.0118,962.99,42.03,72.14,20.92,0.2111,normal
2026-04-07T14:00:00,search-api,eu-central-1,103.59,0.004,947.56,53.03,63.1,26.06,0.2461,normal
2026-04-07T14:00:00,notification-service,us-east-1,74.9,0.008,474.92,54.64,36.4,2.56,0.211,normal
2026-04-07T14:00:00,notification-service,us-west-2,94.15,0.0125,467.53,18.95,58.54,25.09,0.1402,normal
2026-04-07T14:00:00,notification-service,eu-central-1,93.24,0.0051,461.75,49.04,54.28,31.7,0.2457,normal
2026-04-07T14:00:00,analytics-pipeline,us-east-1,198.19,0.0129,226.36,44.74,57.73,32.33,0.246,normal
2026-04-07T14:00:00,analytics-pipeline,us-west-2,215.32,0.0056,254.67,46.07,53.14,12.31,0.1965,normal
2026-04-07T14:00:00,analytics-pipeline,eu-central-1,202.2,0.0105,224.05,40.75,55.21,17.29,0.197,normal
2026-04-07T15:00:00,checkout-api,us-east-1,120.26,0.0063,1140.22,16.94,61.51,26.28,0.1244,normal
2026-04-07T15:00:00,checkout-api,us-west-2,122.43,0.0066,1141.47,39.0,49.12,18.35,0.1859,normal
2026-04-07T15:00:00,checkout-api,eu-central-1,98.28,0.0082,1167.52,48.68,58.38,38.49,0.2639,normal
2026-04-07T15:00:00,billing-worker,us-east-1,148.86,0.0114,525.55,41.53,64.84,19.65,0.206,normal
2026-04-07T15:00:00,billing-worker,us-west-2,129.08,0.007,550.29,28.86,70.53,19.3,0.153,normal
2026-04-07T15:00:00,billing-worker,eu-central-1,148.03,0.0144,518.16,38.36,42.37,13.15,0.1871,normal
2026-04-07T15:00:00,auth-service,us-east-1,67.79,0.0121,1532.45,34.42,66.37,25.74,0.1949,normal
2026-04-07T15:00:00,auth-service,us-west-2,88.62,0.0103,1430.38,43.17,63.43,25.73,0.2222,normal
2026-04-07T15:00:00,auth-service,eu-central-1,66.89,0.0111,1576.52,45.62,46.35,14.46,0.2093,normal
2026-04-07T15:00:00,search-api,us-east-1,94.07,0.0082,995.27,39.06,44.82,0.51,0.1525,normal
2026-04-07T15:00:00,search-api,us-west-2,98.71,0.0058,949.61,51.52,54.24,17.99,0.2275,normal
2026-04-07T15:00:00,search-api,eu-central-1,83.75,0.0041,979.74,51.99,53.3,16.69,0.2234,normal
2026-04-07T15:00:00,notification-service,us-east-1,87.3,0.0073,440.8,38.93,62.31,13.95,0.1779,normal
2026-04-07T15:00:00,notification-service,us-west-2,81.69,0.0034,422.11,29.8,57.0,26.55,0.1648,normal
2026-04-07T15:00:00,notification-service,eu-central-1,76.02,0.0055,422.22,46.06,55.82,15.51,0.2029,normal
2026-04-07T15:00:00,analytics-pipeline,us-east-1,165.89,0.008,227.7,35.48,68.14,22.28,0.1841,normal
2026-04-07T15:00:00,analytics-pipeline,us-west-2,177.65,0.0104,258.65,47.3,54.16,17.92,0.2209,normal
2026-04-07T15:00:00,analytics-pipeline,eu-central-1,196.94,0.011,228.59,42.99,49.96,15.48,0.2019,normal
2026-04-07T16:00:00,checkout-api,us-east-1,101.47,0.0081,1238.63,42.42,66.35,18.12,0.2001,normal
2026-04-07T16:00:00,checkout-api,us-west-2,92.05,0.0141,1127.38,41.18,65.93,29.73,0.2304,normal
2026-04-07T16:00:00,checkout-api,eu-central-1,106.39,0.0143,1130.16,47.5,51.48,26.26,0.2458,normal
2026-04-07T16:00:00,billing-worker,us-east-1,138.29,0.0118,481.39,54.06,69.71,15.98,0.2431,normal
2026-04-07T16:00:00,billing-worker,us-west-2,145.79,0.0051,507.37,30.16,63.18,17.54,0.1506,normal
2026-04-07T16:00:00,billing-worker,eu-central-1,158.89,0.0091,506.53,35.26,62.58,17.09,0.1747,normal
2026-04-07T16:00:00,auth-service,us-east-1,67.66,0.0029,1598.77,41.26,57.52,13.59,0.1774,normal
2026-04-07T16:00:00,auth-service,us-west-2,71.76,0.009,1540.26,32.24,75.79,25.65,0.1815,normal
2026-04-07T16:00:00,auth-service,eu-central-1,63.24,0.0093,1611.77,36.74,48.21,22.54,0.1915,normal
2026-04-07T16:00:00,search-api,us-east-1,90.19,0.009,1031.13,42.11,67.59,11.65,0.1875,normal
2026-04-07T16:00:00,search-api,us-west-2,80.78,0.0074,933.02,47.66,61.2,1.79,0.1839,normal
2026-04-07T16:00:00,search-api,eu-central-1,86.3,0.0072,916.72,36.76,55.63,19.37,0.1813,normal
2026-04-07T16:00:00,notification-service,us-east-1,74.53,0.0052,418.99,51.95,56.77,5.88,0.2032,normal
2026-04-07T16:00:00,notification-service,us-west-2,88.4,0.0129,403.49,32.05,61.23,18.49,0.1732,normal
2026-04-07T16:00:00,notification-service,eu-central-1,89.26,0.0156,453.96,50.26,54.52,29.64,0.2647,normal
2026-04-07T16:00:00,analytics-pipeline,us-east-1,169.7,0.0104,208.21,38.7,63.65,10.5,0.1757,normal
2026-04-07T16:00:00,analytics-pipeline,us-west-2,173.09,0.001,227.77,31.27,58.43,14.1,0.1401,normal
2026-04-07T16:00:00,analytics-pipeline,eu-central-1,169.89,0.0077,226.98,42.01,56.11,27.4,0.2169,normal
2026-04-07T17:00:00,checkout-api,us-east-1,114.14,0.001,1237.54,40.26,60.55,10.6,0.1644,normal
2026-04-07T17:00:00,checkout-api,us-west-2,110.22,0.0114,1126.26,32.79,61.71,21.64,0.1795,normal
2026-04-07T17:00:00,checkout-api,eu-central-1,97.24,0.001,1094.18,45.28,67.12,10.0,0.1807,normal
2026-04-07T17:00:00,billing-worker,us-east-1,138.29,0.0046,521.56,35.52,70.05,22.8,0.1792,normal
2026-04-07T17:00:00,billing-worker,us-west-2,142.71,0.0073,538.56,38.74,55.27,18.86,0.1874,normal
2026-04-07T17:00:00,billing-worker,eu-central-1,157.55,0.0148,503.65,31.98,51.55,16.59,0.1726,normal
2026-04-07T17:00:00,auth-service,us-east-1,78.97,0.001,1575.16,45.29,59.51,5.88,0.1723,normal
2026-04-07T17:00:00,auth-service,us-west-2,75.65,0.0069,1453.85,46.88,66.97,19.48,0.2163,normal
2026-04-07T17:00:00,auth-service,eu-central-1,78.6,0.013,1528.52,38.52,68.72,12.89,0.1847,normal
2026-04-07T17:00:00,search-api,us-east-1,92.79,0.0103,932.52,34.15,65.89,17.79,0.1745,normal
2026-04-07T17:00:00,search-api,us-west-2,89.78,0.0066,980.37,48.58,59.57,27.32,0.2378,normal
2026-04-07T17:00:00,search-api,eu-central-1,95.06,0.0154,995.56,32.6,57.5,20.6,0.184,normal
2026-04-07T17:00:00,notification-service,us-east-1,85.05,0.005,450.03,41.39,47.65,7.53,0.1692,normal
2026-04-07T17:00:00,notification-service,us-west-2,82.51,0.0127,438.97,43.43,64.89,16.11,0.2079,normal
2026-04-07T17:00:00,notification-service,eu-central-1,85.3,0.0087,459.54,36.6,60.92,12.04,0.1683,normal
2026-04-07T17:00:00,analytics-pipeline,us-east-1,181.67,0.0134,223.13,45.82,58.75,19.74,0.2249,normal
2026-04-07T17:00:00,analytics-pipeline,us-west-2,188.02,0.0093,237.84,56.56,53.41,9.18,0.2334,normal
2026-04-07T17:00:00,analytics-pipeline,eu-central-1,191.23,0.0105,254.85,36.87,63.3,13.48,0.1756,normal
2026-04-07T18:00:00,checkout-api,us-east-1,101.24,0.0065,1114.99,34.3,56.02,16.62,0.1658,normal
2026-04-07T18:00:00,checkout-api,us-west-2,105.77,0.0122,1110.14,41.21,52.2,24.62,0.2166,normal
2026-04-07T18:00:00,checkout-api,eu-central-1,97.71,0.0075,1116.83,50.59,49.89,8.7,0.2084,normal
2026-04-07T18:00:00,billing-worker,us-east-1,140.96,0.0075,490.38,51.03,54.46,1.06,0.1943,normal
2026-04-07T18:00:00,billing-worker,us-west-2,143.16,0.0036,497.09,37.94,52.04,14.54,0.1691,normal
2026-04-07T18:00:00,billing-worker,eu-central-1,140.9,0.0115,575.93,36.32,55.1,27.02,0.203,normal
2026-04-07T18:00:00,auth-service,us-east-1,85.26,0.0121,1508.67,57.53,58.85,27.55,0.2795,normal
2026-04-07T18:00:00,auth-service,us-west-2,72.03,0.004,1626.6,34.78,51.09,19.02,0.1678,normal
2026-04-07T18:00:00,auth-service,eu-central-1,69.75,0.0117,1533.45,40.26,54.41,29.69,0.2227,normal
2026-04-07T18:00:00,search-api,us-east-1,105.56,0.0135,893.11,55.25,58.97,31.71,0.2826,normal
2026-04-07T18:00:00,search-api,us-west-2,99.25,0.0062,877.34,36.53,66.54,14.29,0.1683,normal
2026-04-07T18:00:00,search-api,eu-central-1,107.55,0.0038,982.77,41.0,48.69,20.99,0.1933,normal
2026-04-07T18:00:00,notification-service,us-east-1,82.58,0.0078,395.93,33.84,53.72,16.73,0.1667,normal
2026-04-07T18:00:00,notification-service,us-west-2,79.71,0.0172,431.32,43.62,56.02,28.18,0.2412,normal
2026-04-07T18:00:00,notification-service,eu-central-1,89.05,0.013,407.46,43.23,57.22,23.09,0.2219,normal
2026-04-07T18:00:00,analytics-pipeline,us-east-1,171.09,0.0095,221.2,39.06,60.65,13.88,0.1823,normal
2026-04-07T18:00:00,analytics-pipeline,us-west-2,168.56,0.0084,235.78,45.29,50.11,14.48,0.2033,normal
2026-04-07T18:00:00,analytics-pipeline,eu-central-1,164.01,0.0049,258.67,51.71,63.02,15.63,0.2218,normal
2026-04-07T19:00:00,checkout-api,us-east-1,112.26,0.0152,944.37,47.79,51.41,37.28,0.2709,normal
2026-04-07T19:00:00,checkout-api,us-west-2,111.49,0.0125,894.97,44.99,55.42,4.23,0.1886,normal
2026-04-07T19:00:00,checkout-api,eu-central-1,119.87,0.0195,902.07,47.42,58.05,24.13,0.2503,normal
2026-04-07T19:00:00,billing-worker,us-east-1,143.54,0.0086,402.36,28.18,67.74,14.85,0.1446,normal
2026-04-07T19:00:00,billing-worker,us-west-2,151.44,0.0114,426.32,55.59,49.24,10.21,0.236,normal
2026-04-07T19:00:00,billing-worker,eu-central-1,147.09,0.0024,402.12,40.99,52.74,24.77,0.1984,normal
2026-04-07T19:00:00,auth-service,us-east-1,69.58,0.006,1149.91,48.96,56.72,15.17,0.2132,normal
2026-04-07T19:00:00,auth-service,us-west-2,76.19,0.0075,1014.2,49.41,61.37,26.87,0.2414,normal
2026-04-07T19:00:00,auth-service,eu-central-1,75.76,0.0109,1027.42,30.92,44.78,27.49,0.184,normal
2026-04-07T19:00:00,search-api,us-east-1,89.81,0.0144,737.47,38.33,57.3,11.54,0.1836,normal
2026-04-07T19:00:00,search-api,us-west-2,91.63,0.0104,748.46,38.02,47.09,27.17,0.2073,normal
2026-04-07T19:00:00,search-api,eu-central-1,86.68,0.0119,647.3,34.62,44.21,23.26,0.1902,normal
2026-04-07T19:00:00,notification-service,us-east-1,87.87,0.0215,370.71,43.03,43.79,16.14,0.2224,normal
2026-04-07T19:00:00,notification-service,us-west-2,86.6,0.0105,334.12,33.81,55.74,33.26,0.2052,normal
2026-04-07T19:00:00,notification-service,eu-central-1,81.22,0.0074,305.36,36.95,66.12,20.93,0.1854,normal
2026-04-07T19:00:00,analytics-pipeline,us-east-1,172.43,0.0075,183.65,37.35,52.32,15.43,0.1758,normal
2026-04-07T19:00:00,analytics-pipeline,us-west-2,143.36,0.0136,165.39,48.08,57.72,26.17,0.2463,normal
2026-04-07T19:00:00,analytics-pipeline,eu-central-1,172.02,0.0189,180.66,40.24,59.93,1.2,0.1774,normal
2026-04-07T20:00:00,checkout-api,us-east-1,95.32,0.001,857.0,59.54,60.11,6.15,0.2228,normal
2026-04-07T20:00:00,checkout-api,us-west-2,91.9,0.0105,907.54,40.31,67.82,19.94,0.2008,normal
2026-04-07T20:00:00,checkout-api,eu-central-1,121.49,0.0124,988.32,20.57,62.99,24.27,0.144,normal
2026-04-07T20:00:00,billing-worker,us-east-1,161.68,0.0114,395.53,44.57,59.16,22.56,0.2226,normal
2026-04-07T20:00:00,billing-worker,us-west-2,163.01,0.0025,374.46,30.18,53.7,20.22,0.1515,normal
2026-04-07T20:00:00,billing-worker,eu-central-1,146.7,0.0105,403.73,45.49,55.47,17.0,0.213,normal
2026-04-07T20:00:00,auth-service,us-east-1,68.48,0.0072,1139.77,45.05,46.78,26.91,0.2257,normal
2026-04-07T20:00:00,auth-service,us-west-2,74.33,0.0027,1135.27,46.64,58.38,14.64,0.1981,normal
2026-04-07T20:00:00,auth-service,eu-central-1,69.5,0.0099,1158.68,44.41,55.05,27.87,0.2302,normal
2026-04-07T20:00:00,search-api,us-east-1,81.05,0.009,640.22,26.3,58.91,24.73,0.1588,normal
2026-04-07T20:00:00,search-api,us-west-2,92.47,0.0108,707.06,51.25,53.56,22.29,0.2444,normal
2026-04-07T20:00:00,search-api,eu-central-1,97.1,0.0026,769.31,37.28,49.79,12.68,0.1611,normal
2026-04-07T20:00:00,notification-service,us-east-1,90.4,0.0074,346.69,34.41,59.42,4.09,0.142,normal
2026-04-07T20:00:00,notification-service,us-west-2,82.7,0.0142,318.83,43.41,45.12,31.32,0.2415,normal
2026-04-07T20:00:00,notification-service,eu-central-1,83.12,0.0108,321.75,33.65,55.19,15.33,0.1686,normal
2026-04-07T20:00:00,analytics-pipeline,us-east-1,164.47,0.0083,163.18,38.01,38.09,10.13,0.1688,normal
2026-04-07T20:00:00,analytics-pipeline,us-west-2,183.58,0.0099,171.43,45.26,69.37,20.8,0.2187,normal
2026-04-07T20:00:00,analytics-pipeline,eu-central-1,180.79,0.0086,177.85,47.08,42.29,34.81,0.2515,normal
2026-04-07T21:00:00,checkout-api,us-east-1,112.34,0.0109,836.35,41.07,52.29,28.65,0.2219,normal
2026-04-07T21:00:00,checkout-api,us-west-2,98.81,0.0025,857.7,35.15,58.84,19.11,0.1666,normal
2026-04-07T21:00:00,checkout-api,eu-central-1,97.46,0.0028,851.19,31.6,56.17,19.35,0.1553,normal
2026-04-07T21:00:00,billing-worker,us-east-1,139.65,0.0096,374.5,55.09,45.3,9.29,0.2291,normal
2026-04-07T21:00:00,billing-worker,us-west-2,156.87,0.0041,399.74,40.19,57.45,6.69,0.1617,normal
2026-04-07T21:00:00,billing-worker,eu-central-1,139.39,0.0084,331.72,42.06,54.38,0.01,0.1623,normal
2026-04-07T21:00:00,auth-service,us-east-1,75.41,0.0075,1032.54,51.04,56.52,8.87,0.2104,normal
2026-04-07T21:00:00,auth-service,us-west-2,69.25,0.0101,1102.65,47.52,48.8,19.95,0.2253,normal
2026-04-07T21:00:00,auth-service,eu-central-1,77.07,0.011,1083.35,34.34,49.53,18.61,0.1781,normal
2026-04-07T21:00:00,search-api,us-east-1,78.92,0.02,700.46,51.41,55.12,28.35,0.274,normal
2026-04-07T21:00:00,search-api,us-west-2,92.3,0.0129,758.31,44.18,48.72,21.19,0.2213,normal
2026-04-07T21:00:00,search-api,eu-central-1,95.34,0.0077,702.29,47.36,43.2,22.23,0.2251,normal
2026-04-07T21:00:00,notification-service,us-east-1,94.89,0.0063,354.55,38.24,55.22,15.1,0.176,normal
2026-04-07T21:00:00,notification-service,us-west-2,84.11,0.0059,316.4,40.06,50.99,17.38,0.1864,normal
2026-04-07T21:00:00,notification-service,eu-central-1,90.98,0.0056,332.93,35.86,49.43,17.73,0.1719,normal
2026-04-07T21:00:00,analytics-pipeline,us-east-1,174.46,0.0128,181.26,42.59,52.84,28.54,0.2306,normal
2026-04-07T21:00:00,analytics-pipeline,us-west-2,160.15,0.0059,181.52,45.03,61.41,16.1,0.2012,normal
2026-04-07T21:00:00,analytics-pipeline,eu-central-1,188.47,0.0135,152.35,45.96,63.75,9.7,0.2051,normal
2026-04-07T22:00:00,checkout-api,us-east-1,96.35,0.0103,901.59,41.68,46.18,19.48,0.2044,normal
2026-04-07T22:00:00,checkout-api,us-west-2,103.2,0.0074,923.9,25.03,57.89,13.08,0.1277,normal
2026-04-07T22:00:00,checkout-api,eu-central-1,108.74,0.0077,962.17,43.24,53.59,5.02,0.1754,normal
2026-04-07T22:00:00,billing-worker,us-east-1,140.65,0.0087,421.71,44.71,58.43,10.64,0.1939,normal
2026-04-07T22:00:00,billing-worker,us-west-2,146.01,0.0051,349.42,45.26,54.2,7.29,0.1825,normal
2026-04-07T22:00:00,billing-worker,eu-central-1,156.43,0.0137,394.44,28.89,51.58,10.17,0.1465,normal
2026-04-07T22:00:00,auth-service,us-east-1,75.78,0.0222,1207.19,40.92,51.54,6.86,0.1972,normal
2026-04-07T22:00:00,auth-service,us-west-2,70.11,0.0096,1123.83,45.73,60.76,8.85,0.1954,normal
2026-04-07T22:00:00,auth-service,eu-central-1,79.15,0.009,1257.83,40.7,54.83,16.83,0.193,normal
2026-04-07T22:00:00,search-api,us-east-1,103.15,0.0109,765.34,49.86,59.47,35.96,0.2677,normal
2026-04-07T22:00:00,search-api,us-west-2,93.55,0.008,763.0,32.71,59.43,25.57,0.1812,normal
2026-04-07T22:00:00,search-api,eu-central-1,87.7,0.0015,649.02,50.61,74.1,10.79,0.2018,normal
2026-04-07T22:00:00,notification-service,us-east-1,75.76,0.004,361.65,47.71,61.89,12.1,0.1988,normal
2026-04-07T22:00:00,notification-service,us-west-2,88.69,0.006,340.94,35.81,48.8,14.23,0.1652,normal
2026-04-07T22:00:00,notification-service,eu-central-1,87.07,0.0101,317.82,48.91,46.55,2.36,0.1943,normal
2026-04-07T22:00:00,analytics-pipeline,us-east-1,187.0,0.0083,173.34,38.15,60.94,19.48,0.1882,normal
2026-04-07T22:00:00,analytics-pipeline,us-west-2,197.9,0.0052,159.95,40.7,55.68,15.33,0.1831,normal
2026-04-07T22:00:00,analytics-pipeline,eu-central-1,148.85,0.0103,192.38,44.53,65.77,22.37,0.2201,normal
2026-04-07T23:00:00,checkout-api,us-east-1,106.46,0.0104,929.42,45.28,61.87,17.24,0.2125,normal
2026-04-07T23:00:00,checkout-api,us-west-2,98.3,0.0102,847.44,46.22,42.41,31.55,0.2447,normal
2026-04-07T23:00:00,checkout-api,eu-central-1,115.1,0.0148,891.44,33.47,54.81,8.55,0.1613,normal
2026-04-07T23:00:00,billing-worker,us-east-1,148.81,0.0089,388.69,27.19,47.39,0.49,0.1122,normal
2026-04-07T23:00:00,billing-worker,us-west-2,160.08,0.0108,386.16,38.9,45.4,14.76,0.1858,normal
2026-04-07T23:00:00,billing-worker,eu-central-1,139.61,0.0056,409.42,25.82,58.7,24.01,0.1495,normal
2026-04-07T23:00:00,auth-service,us-east-1,79.37,0.003,941.55,52.53,67.31,16.43,0.2228,normal
2026-04-07T23:00:00,auth-service,us-west-2,73.11,0.0102,1224.66,42.65,55.31,19.39,0.2072,normal
2026-04-07T23:00:00,auth-service,eu-central-1,76.94,0.0169,1148.22,34.46,70.77,29.46,0.2113,normal
2026-04-07T23:00:00,search-api,us-east-1,105.64,0.0052,688.56,30.92,56.86,28.14,0.1751,normal
2026-04-07T23:00:00,search-api,us-west-2,101.69,0.009,726.57,45.55,56.81,9.46,0.1951,normal
2026-04-07T23:00:00,search-api,eu-central-1,89.57,0.0154,672.99,32.76,61.68,15.08,0.1732,normal
2026-04-07T23:00:00,notification-service,us-east-1,82.52,0.0095,327.75,28.74,64.28,19.44,0.1574,normal
2026-04-07T23:00:00,notification-service,us-west-2,96.28,0.0122,318.39,38.29,52.93,0.36,0.1567,normal
2026-04-07T23:00:00,notification-service,eu-central-1,89.76,0.0062,351.7,43.11,57.06,30.48,0.2244,normal
2026-04-07T23:00:00,analytics-pipeline,us-east-1,166.4,0.0158,170.41,58.65,65.88,13.66,0.2616,normal
2026-04-07T23:00:00,analytics-pipeline,us-west-2,204.77,0.0105,178.59,38.63,57.58,14.51,0.1839,normal
2026-04-07T23:00:00,analytics-pipeline,eu-central-1,175.05,0.012,183.87,51.55,66.25,17.19,0.2372,normal
